bc,co,date,location,no2,o3,pm10,pm25,so2
"","",2022-04-29,San Ramon,0.0115,0.022,"","",""
"",0.1812,2022-04-29,Riverside - Rubidoux,0.0087,0.0369,42.7778,14.7991,0.001
"","",2022-04-29,Santa Cruz AMS,"",0.0328,"",6.2937,""
"","",2022-04-29,Bee Ridge,"","","",8.5,""
"","",2022-04-29,Gainesville,"","",30.1165,14.1757,""
"","",2022-04-29,Gary-IITRI,0.0047,0.0374,17.3689,"",0.001
"","",2022-04-29,New Roads,"",0.0375,"","",""
"","",2022-04-29,Padonia,"",0.0336,"",6.6032,""
"","",2022-04-29,Fall River,"",0.0426,"",3.8133,0.0011
"","",2022-04-29,WAVELAND,"",0.0264,"",12.1636,""
"",0.1373,2022-04-29,Del Norte,0.0045,0.0461,36.0194,7.8408,0.0
"","",2022-04-29,W Greenwich,"",0.0442,"",1.84,""
"","",2022-04-29,Badlands,"",0.0238,24.6667,10.2031,""
"","",2022-04-29,ASHBURN,0.0042,0.0422,"","",""
"","",2022-04-29,North Bend-North Ben,"",0.027,"",1.6902,""
0.3686,"",2022-04-29,Portland Cully Helen,"","","",4.0688,""
"","",2022-04-29,APOLLO BEACH,"","","",10.5577,0.001
"","",2022-04-29,Sheridan PD,"","",11.2857,-1.4286,""
"",0.364,2022-04-29,Bethel Island,0.0023,0.042,"","",0.001
"","",2022-04-29,Shasta Lake City,"",0.0442,"","",""
"","",2022-04-29,Ellyson Industrial P,"",0.0385,"",11.584,5.0E-4
"","",2022-04-29,Rexburg PM25,"","","",6.2951,""
"","",2022-04-29,Larwill,"","","",7.6078,""
"","",2022-04-29,Substation,0.0,0.0573,52.264,"",4.0E-4
"","",2022-04-29,ROLAND,0.0052,0.0284,"",8.4808,""
"","",2022-04-29,Jackson,"",0.0501,"",14.5577,""
"",0.1,2022-04-29,EAST VINTON ELEMENTA,0.003,0.0401,"",5.2049,0.0011
"","",2022-04-29,Bakersfield-Westwind,0.0233,"","","",""
"","",2022-04-29,Riverton Mobile,0.0013,0.0534,10.8923,5.0615,0.0
"","",2022-04-29,Buick NE,"","","","",0.0015
"","",2022-04-29,RIVER_Terrace,0.0083,0.0397,"",3.6286,""
"","",2022-04-29,Paradise - Airport,"",0.0443,"","",""
"",0.2439,2022-04-29,Upland,0.01,0.0377,36.1028,15.4738,""
"","",2022-04-29,Lassen Volcanic NP,"",0.0502,"","",""
"",0.1418,2022-04-29,Modesto - 14th Stree,"",0.0368,25.3412,12.2588,""
"","",2022-04-29,Osceola Co. Fire Sta,"",0.0454,"","",""
"","",2022-04-29,CHI_COM,"",0.029,"",8.5298,""
"","",2022-04-29,CHI_TAFT,"",0.0264,"","",""
"","",2022-04-29,Charlestown State Pa,"",0.0428,"","",""
"","",2022-04-29,SOMERST,"",0.045,"",8.1808,""
"","",2022-04-29,Marshall,"",0.0259,"",11.7302,""
"","",2022-04-29,HERNANDO,"",0.0464,"",14.268,""
"","",2022-04-29,Hattiesburg,"","","",17.232,""
"",0.2859,2022-04-29,GARINGER,0.0092,0.0397,28.5981,15.3137,7.0E-4
"","",2022-04-29,Grants Pass - Parksi,"","","",3.4256,""
"","",2022-04-29,Farrell,"",0.0356,"",6.0756,""
"","",2022-04-29,Greenville-ESC,0.0096,"",33.5833,19.9567,1.0E-4
"","",2022-04-29,Enoch,0.0044,0.0499,"",13.6546,""
"",0.2541,2022-04-29,AURORA HILLS,0.0086,0.0368,"","",""
"","",2022-04-29,Moxa Arch,4.0E-4,0.0448,11.2,"",1.0E-4
"","",2022-04-29,HATTIEAVEN,0.0051,0.054,17.2,7.4648,0.001
"",0.1308,2022-04-29,Palm Springs - Fire,0.0023,0.0559,32.713,"",""
"",0.2828,2022-04-29,Denver - CAMP - 2105,0.0108,0.0466,34.7766,10.3543,0.0
"","",2022-04-29,Madawaska PSB,"","",5.3457,4.0494,""
"","",2022-04-29,Shapleigh Ball Park,"",0.0414,"","",""
"","",2022-04-29,Brockton,"",0.0421,"",6.0167,""
"","",2022-04-29,CC_Armory,"",0.0439,"",4.3571,""
"",0.3114,2022-04-29,Cincinnati Near Road,0.0236,"","",6.8233,""
"","",2022-04-29,Freemansburg,"",0.0452,"",4.5016,""
"","",2022-04-29,NATBRIDGE,"",0.0302,"","",""
"","",2022-04-29,Anacortes-202 Ave (S,"",0.0311,"",3.8454,5.0E-4
"","",2022-04-29,WAUKESHA - CLEVELAND,"",0.0366,30.181,11.0124,""
"","",2022-04-29,WeymouthFR,0.003,0.0421,"",3.6667,""
"","",2022-04-29,Bend NE 8th & Emerso,"","","",3.2312,""
"",0.2075,2022-04-29,"Davenport, 10th & Vi","",0.0299,"",12.3981,3.0E-4
"","",2022-04-29,Prince Edward,"",0.0409,"","",""
"",0.2129,2022-04-29,Calexico - Ethel Str,0.0057,0.063,51.0,11.2286,0.0
"","",2022-04-29,Merced - S. Coffee A,0.0037,0.0392,"",7.4,""
"","",2022-04-29,Garden City,"","","",2.1942,""
"","",2022-04-29,"Clinton, Chancy Park","","","",11.0343,0.0014
"","",2022-04-29,JPRECC,"",0.037,"",11.812,""
"","",2022-04-29,Millington,"",0.0416,"",4.8333,""
"","",2022-04-29,Minneapolis-Pacific,"","",18.6587,"",""
"","",2022-04-29,Healdton,"","",13.448,6.5464,""
"","",2022-04-29,Cape Romain,8.0E-4,0.0349,"",7.885,""
"",0.0515,2022-04-29,Copper View,0.0019,0.0464,"",6.9938,0.001
"","",2022-04-29,Altoona,"",0.0407,"",4.8544,""
"",0.2862,2022-04-29,Pomona,0.0132,0.0369,"","",""
"","",2022-04-29,Ojai - Ojai Ave.,"",0.0313,"",9.376,""
"","",2022-04-29,DAVIS ISLAND,"",0.0399,33.9469,"",0.001
"","",2022-04-29,Jackson Road,"",0.0378,"",7.1333,""
"","",2022-04-29,Granger-Beckley St.,"",0.04,"","",""
"","",2022-04-29,SCOTTVILLE,"",0.044,"","",""
"","",2022-04-29,Columbia,0.0153,0.0315,"",9.5616,0.0
"",0.1517,2022-04-29,RUTLAND,0.0017,0.0438,"",3.9216,1.0E-4
"","",2022-04-29,Redmond High School,"","","",2.7592,""
"","",2022-04-29,Brewster Mobile,"","","",3.8765,""
"","",2022-04-29,Mt Ninham,"",0.048,"","",""
0.1194,0.134,2022-04-29,E Providence,0.0017,0.0438,"",1.976,0.0
"",0.2519,2022-04-29,West Phoenix,0.0104,0.043,34.625,10.7654,""
"",0.3021,2022-04-29,Pasadena,0.0101,0.0359,"","",""
"",0.2847,2022-04-29,San Rafael,0.0075,0.0336,"",5.6667,""
"",0.2794,2022-04-29,Anaheim,0.0069,0.0395,27.3889,13.1861,""
"",0.3037,2022-04-29,Ontario Near Road,0.026,"","","",""
"","",2022-04-29,60 Near Road,0.0286,"","","",""
"","",2022-04-29,Belle Glade,"","","",6.7642,""
"","",2022-04-29,Seminole Community C,"",0.0499,24.69,9.157,""
"","",2022-04-29,Savannah East Presid,"",0.0367,"","",0.001
"","",2022-04-29,Bar Harbor - Cadilla,"",0.0351,"","",""
"","",2022-04-29,PASCAGOULA,0.0033,0.0351,"",12.8437,0.0
"","",2022-04-29,M.K. Goddard,"",0.0494,"","",""
"","",2022-04-29,Golden - NREL - 2054,"",0.0557,"","",""
0.5304,0.4561,2022-04-29,Near Road,0.0219,"",25.0536,6.5693,""
"","",2022-04-29,WARE,0.0,0.0465,"",6.525,1.0E-4
"",0.2642,2022-04-29,TRINITY,0.0187,"","",9.6754,0.0016
"","",2022-04-29,Ranchos,"","","",3.9439,""
"","",2022-04-29,COLUMBUS,"",0.035,"","",""
"","",2022-04-29,Dallas LaCreole Midd,"","","",2.2144,""
"","",2022-04-29,Lake Park,0.0024,0.0489,"","",""
"","",2022-04-29,Watkins Mill State P,"",0.0394,"","",""
"","",2022-04-29,Perdue,"",0.0375,"","",""
"","",2022-04-29,North Phoenix,"",0.0475,28.4231,9.4135,""
"",0.209,2022-04-29,Glendora - Laurel,0.0052,0.0403,36.0556,14.0722,""
"","",2022-04-29,"Rangely, CO",0.001,0.0503,"",9.3371,""
"","",2022-04-29,Twin Falls PM25,"","","",4.4757,""
"","",2022-04-29,THOMAS,"",0.0302,"","",""
"","",2022-04-29,Indpls-Harding St,"",0.0376,"","",0.0014
"",0.2893,2022-04-29,Sparks,"",0.0374,18.9223,8.3398,""
"","",2022-04-29,Leonia,"",0.0436,"","",""
"","",2022-04-29,Tramway,"",0.0547,40.6633,9.6327,""
"","",2022-04-29,Moore,"",0.0332,19.5877,7.5891,""
"","",2022-04-29,Princess Anne,"","",10.7302,4.8548,""
0.293,"",2022-04-29,Portland Humboldt Sc,"","","",3.368,""
"","",2022-04-29,Juliaetta,"","","",1.3963,""
"",0.15,2022-04-29,Stockton - Universit,0.0036,0.0389,"",3.2381,""
"","",2022-04-29,Hidden Valley,"","",103.6566,13.2621,""
"","",2022-04-29,Madera - Pump Yard,"",0.0375,"","",""
"",0.2298,2022-04-29,Fontana - Arrow High,0.0148,0.0337,"","",0.0
"","",2022-04-29,Melbourne,"",0.0542,24.3077,9.5529,""
"","",2022-04-29,Blind Services; 1185,"",0.0567,28.4038,10.2346,""
"","",2022-04-29,Valdosta,"","",28.9029,10.3505,""
"","",2022-04-29,Pocatello Garrett an,"",0.042,17.0583,4.2959,""
"","",2022-04-29,Garden Valley,"","","",2.5745,""
"","",2022-04-29,Bangor MSS,"","","",1.4938,""
"",0.0,2022-04-29,ALLEN PARK,"",0.0336,15.9683,5.7738,3.0E-4
"",0.2034,2022-04-29,77th and Dodge,"","","","",""
"","",2022-04-29,Heath,"",0.0395,"","",""
"",0.1657,2022-04-29,Tulsa,0.003,0.0364,21.68,9.1896,4.0E-4
"","",2022-04-29,Research Farm,"",0.0044,12.0097,10.3369,""
"","",2022-04-29,Myton,0.0016,0.0528,"","",""
"",0.2286,2022-04-29,NORFOLK - NOAA,0.0097,"","","",0.0
"","",2022-04-29,Sipayik,"",0.0294,"",0.9877,""
"","",2022-04-29,Youngstown State,"",0.0287,"",6.9316,7.0E-4
"","",2022-04-29,SF-USD,"",0.0261,19.2619,9.1727,""
"","",2022-04-29,Cadiz,"",0.0593,"","",""
"","",2022-04-29,Coffeeville,"",0.0537,"","",""
"","",2022-04-29,Victorville - Park A,"",0.0435,38.9907,12.7196,""
"",0.2446,2022-04-29,San Bernadino - 4th,0.0143,0.0377,43.4112,"",""
0.2805,0.4758,2022-04-29,San Jose - Knox Ave,0.0112,"","",6.3294,""
"","",2022-04-29,Craters of the Moon,"",0.0443,"","",""
"","",2022-04-29,Algonquin Parkway,"","",19.8125,7.0688,4.0E-4
"",0.1779,2022-04-29,RT,0.0152,"","",17.0366,""
"","",2022-04-29,Lynn Lane,"",0.0383,"","",""
"","",2022-04-29,Coos Bay Marshfield,"","","",2.6192,""
"","",2022-04-29,Abington,"",0.0445,"","",""
"","",2022-04-29,Hayden,"","",29.9524,"",9.0E-4
"","",2022-04-29,Westmorland - 570 Co,"",0.0433,107.2807,"",""
"","",2022-04-29,Phelan - Beekley Roa,"",0.0523,"","",""
"","",2022-04-29,Yreka,"",0.0384,"",97.4471,""
"",0.4762,2022-04-29,South DeKalb,0.0145,0.0307,46.1942,33.3447,0.0
"","",2022-04-29,DETROIT-SW,"","","",10.0437,0.0021
"","",2022-04-29,Malta,9.0E-4,0.0345,8.3883,5.001,""
"","",2022-04-29,South Valley,0.0054,0.05,53.7879,9.5019,""
"",0.3975,2022-04-29,TOR,0.0164,"","",5.3612,""
"","",2022-04-29,Credit Union,"","",61.1646,12.0101,""
"","",2022-04-29,Malone Univ,"",0.0426,"","",""
"","",2022-04-29,Arendtsville,"",0.0464,"",5.016,""
"",0.202,2022-04-29,HAMPTON,0.0032,0.036,"",5.1379,0.001
"","",2022-04-29,Dysart,"",0.0479,53.7788,"",""
"","",2022-04-29,AJ Maintenance Yard,"",0.0479,"","",""
"","",2022-04-29,Pinal County Housing,"","",47.2913,"",""
"","",2022-04-29,Richmond - 7th St,"","","","",0.0
"","",2022-04-29,Boise Fire Station,"","",11.1262,"",""
"","",2022-04-29,Chanute,"",0.0126,23.016,10.8744,9.0E-4
"","",2022-04-29,FRANKFORT,"",0.0453,"","",""
"","",2022-04-29,Hinds CC,"",0.0288,"",15.6612,""
"",0.3,2022-04-29,North OKC,0.0021,0.0352,20.8926,8.9816,0.0
"","",2022-04-29,HVILLE,"",0.0341,"",12.75,""
"",0.0969,2022-04-29,Rose Park,0.0031,0.0454,"",5.9959,1.0E-4
"","",2022-04-29,Visalia - W Ashland,0.0048,0.0413,"",9.0971,""
"","",2022-04-29,Senior Center,"",0.045,55.6768,"",""
"","",2022-04-29,South Tucson,"","",34.6796,"",""
"","",2022-04-29,Antelope - North Hig,"",0.036,"","",""
"","",2022-04-29,Sheffield Elementary,"",0.045,"",9.606,""
"","",2022-04-29,Lantana Preserve,"",0.0386,"","",""
"","",2022-04-29,Hagerstown,"",0.041,"",3.7381,""
"","",2022-04-29,Chelmsford,"",0.0435,"","",""
"",0.1956,2022-04-29,Worcester,0.0032,0.042,"",5.7867,0.0
"","",2022-04-29,Linda,"","",52.5408,"",""
"","",2022-04-29,Yankee,"","","","",0.0
"",0.3148,2022-04-29,Parklane,"",0.0308,"",15.2117,0.0
"","",2022-04-29,WIND CAVE,"",0.0444,19.3204,8.5922,""
"","",2022-04-29,Port Angeles-E 5th S,"","","",4.6725,""
"","",2022-04-29,TROUT LAKE,"",0.047,"",5.68,""
"","",2022-04-29,Willits Blosser Lane,"","","",9.696,""
"","",2022-04-29,Paynes Prairie Farm,"",0.0457,"",9.5038,""
"",0.2865,2022-04-29,Central Phoenix,0.0106,0.0404,43.3269,"",0.0
"",0.3506,2022-04-29,Los Angeles - N. Mai,0.0184,0.0318,36.3458,16.5869,0.0
"",0.1037,2022-04-29,New Haven,0.004,0.0432,21.4821,4.75,0.0
"","",2022-04-29,South Bend-Shields D,"",0.0399,"",8.9699,""
"",0.1538,2022-04-29,Jackson NCORE,"",0.0357,27.4078,15.7718,0.0
"","",2022-04-29,Church,"","",54.2804,"",""
"","",2022-04-29,Springfield Well Fd,"",0.0367,"","",""
0.4805,0.1098,2022-04-29,Portland Near Road,0.009,0.0252,"",4.2616,""
"","",2022-04-29,Neah Bay 2-Makah Tri,"","","",3.0245,""
"","",2022-04-29,Miles City,"","",13.1262,9.0265,""
"","",2022-04-29,Fayetteville,"",0.0437,"","",""
"",0.288,2022-04-29,Triple Oak - Near Ro,0.0107,"","",5.968,""
"","",2022-04-29,LEEDS,"",0.028,"","",""
"","",2022-04-29,Higley,"","",40.6,"",""
"",0.3771,2022-04-29,San Pablo - Rumrill,0.0064,0.0326,"",8.9012,0.0011
"","",2022-04-29,Temecula (Lake Skinn,"",0.0519,"",14.5833,""
"",0.2568,2022-04-29,San Jose - Jackson S,0.0079,0.0331,"",8.9647,""
"","",2022-04-29,Leopold,"",0.0415,"","",""
"","",2022-04-29,MICMAC,4.0E-4,0.033,"",3.8429,0.0
"","",2022-04-29,Durham Armory,"",0.0304,15.2167,6.44,0.0
"","",2022-04-29,Middletown Airport,"",0.0381,"","",""
"","",2022-04-29,Cove Mountain - GSMN,"",0.0592,"","",""
"","",2022-04-29,Kittanning,"",0.0355,"",5.942,""
"",0.16,2022-04-29,Newark Firehouse,0.004,0.0462,"",2.0096,0.0
"",0.2296,2022-04-29,Garden,"","",17.5417,3.9022,""
"","",2022-04-29,Casa Grande Downtown,"","",35.9223,9.0097,""
"",0.4262,2022-04-29,Bercut Dr,0.011,"","",7.6111,""
"","",2022-04-29,East Hartford,0.0026,0.0455,10.4821,4.2446,""
"","",2022-04-29,Osceola National For,"",0.0468,"","",""
"","",2022-04-29,Tallahassee Communit,"",0.0515,"",12.925,""
"","",2022-04-29,CARY,"",0.0304,"",9.9811,""
"","",2022-04-29,Fond du Lac,"",0.039,"",1.1739,""
"","",2022-04-29,Broadus,"",0.0316,13.835,6.1357,""
"","",2022-04-29,Flemington,"",0.0446,"",3.0833,""
"",0.3684,2022-04-29,Remount,0.0168,"","",14.1776,""
"","",2022-04-29,Black Hawk,"",0.0419,23.8835,"",""
"","",2022-04-29,Mesa-Pepoit Way (tem,"","","",3.451,""
"",0.19,2022-04-29,Reno4,0.0078,0.0443,19.7961,6.1456,0.0
"","",2022-04-29,Lake Ilo,0.0026,0.0263,20.8365,11.9519,2.0E-4
"","",2022-04-29,Globe,"","","","",6.0E-4
"","",2022-04-29,Peckville,"",0.033,"","",""
"",0.1521,2022-04-29,Chico -  East,0.0032,0.0411,10.9828,4.5517,""
"","",2022-04-29,Yuba City,0.002,0.0557,28.7778,4.4444,""
"",0.3814,2022-04-29,Concord,0.003,0.0374,"",6.5679,3.0E-4
"",0.1063,2022-04-29,St. Marks Wildlife R,"",0.0483,"",11.5163,0.001
"","",2022-04-29,Whitestown,"",0.0375,"","",""
"",0.1061,2022-04-29,Cannons Lane,0.0039,0.0438,15.4643,6.4241,0.001
"","",2022-04-29,MANISTEE,"",0.0443,"","",""
"","",2022-04-29,North Valley,"","",46.5146,8.5204,""
"","",2022-04-29,RIT,"","","",5.3515,1.0E-4
"",0.16,2022-04-29,Look Rock - GSMNP,"",0.057,"",12.3846,""
"","",2022-04-29,Herriman #3,0.0014,0.0457,"",6.7402,""
"","",2022-04-29,Paul Spur Chemical L,"","",20.1045,"",""
"","",2022-04-29,Tempe,"",0.0422,33.5577,9.1827,""
"","",2022-04-29,Paradise Theater,"","","",5.3204,""
"","",2022-04-29,Fresno-Foundry Park,0.0157,"","",8.8118,""
"","",2022-04-29,Yellow Brick Buildin,"","","",7.334,""
"","",2022-04-29,White Pine,"",0.0344,"","",""
"","",2022-04-29,Porthill,"","","",6.8709,""
"","",2022-04-29,FIVCO,"",0.038,"",5.3552,""
"","",2022-04-29,BAY CITY,"","","",3.7095,""
"","",2022-04-29,OTISVILLE,"",0.0408,"","",""
"","",2022-04-29,Miller State Park,"",0.0469,6.679,3.2877,8.0E-4
"",0.2268,2022-04-29,Fort Lee Near Road,0.013,"","",2.91,""
"","",2022-04-29,Devils Lake,"",0.036,19.8667,10.1419,""
"",0.1323,2022-04-29,Converse County Long,0.003,0.0338,16.7193,"",""
"","",2022-04-29,Death Valley NP,"",0.0578,"","",""
"","",2022-04-29,Los Gatos,"",0.0338,"","",""
"","",2022-04-29,Hobbs Jefferson,0.0037,0.0413,"",7.768,""
"","",2022-04-29,Babylon,"",0.0418,"","",""
"","",2022-04-29,Union,"",0.0389,20.1803,10.664,""
0.9264,0.5392,2022-04-29,Near Road OKC,0.0105,"",19.696,8.124,""
"","",2022-04-29,Vernal #4,0.0015,0.0511,"",4.8928,""
"","",2022-04-29,SHEBOYGAN,"",0.0438,"","",""
"","",2022-04-29,Thunder Basin,0.0016,0.0322,"","",""
"","",2022-04-29,Roseburg Fire Dept,"","","",4.344,""
"","",2022-04-29,Moncks Corner,"",0.0338,"","",""
"","",2022-04-29,Spokane-Augusta Ave,"","",16.9412,3.6061,""
0.3374,0.3385,2022-04-29,Oakland West,0.0114,0.0233,"",7.6353,0.0
"",0.2427,2022-04-29,Compton,0.0116,0.0354,"",14.388,""
"",0.2013,2022-04-29,Santa Clarita,0.008,0.0418,"",13.2759,""
"",0.3857,2022-04-29,Vallejo,0.008,0.0306,"",6.4941,0.001
"",0.0996,2022-04-29,Blaine,0.0034,0.0311,15.2222,8.2222,0.001
"","",2022-04-29,Taos Fire Station,"","","",10.3277,""
"","",2022-04-29,Salem - State Hospit,"","","",2.6288,""
"","",2022-04-29,Burbank-Maple Street,"","",7.0686,"",""
"","",2022-04-29,San Diego - Sherman,"",0.0448,"",14.2105,""
"","",2022-04-29,Muscogee (Creek) Nat,"",0.0335,14.4519,7.6683,""
"",0.2129,2022-04-29,DCNearRoad,0.0074,"","",5.1111,""
"","",2022-04-29,Saguaro Monument,"",0.0544,"","",""
"","",2022-04-29,San Diego - Kearny V,"",0.0484,"","",""
"","",2022-04-29,Kooker Park,0.016,"",36.2024,11.9786,0.001
"","",2022-04-29,Athens,"",0.04,25.5049,13.8971,""
"","",2022-04-29,Boundary County,"","","",6.3202,""
"","",2022-04-29,Turner - CJHS,"","","",2.7544,""
"","",2022-04-29,Laramie I-80 Mobile,0.0093,0.0416,28.2154,7.7538,1.0E-4
"","",2022-04-29,Beaver Falls,"",0.0307,"",8.7218,""
"","",2022-04-29,Harrisburg,"",0.0271,"",4.9689,""
"","",2022-04-29,King Greenleaf Rec C,"","","",5.1,""
"",0.1712,2022-04-29,Eastwood,0.0133,0.0351,"",10.6019,""
"","",2022-04-29,Mountain View,"","","",2.9333,0.0
"",0.1476,2022-04-29,Essex,0.0129,0.0339,"","",1.0E-4
"","",2022-04-29,Notre Dame,"",0.0427,"","",""
"","",2022-04-29,Kennewick-Metaline,"","",8.9804,2.6539,""
"","",2022-04-29,Chelan-Woodin Ave,"","","",3.3837,""
"","",2022-04-29,PittsfieldES,"",0.0447,"",4.28,""
"","",2022-04-29,Chiricahua NM,"",0.0526,"","",""
"",0.1798,2022-04-29,Mesa - Brooks Reserv,"",0.0379,28.1263,9.3295,""
"","",2022-04-29,El Rio - Rio Mesa Sc,"",0.0301,33.888,11.36,""
"",0.186,2022-04-29,NCORE,"",0.0373,15.0464,6.9268,4.0E-4
"",0.2469,2022-04-29,Camden Spruce St,0.0042,0.0436,"",4.5835,0.0
"","",2022-04-29,Buffalo Near-road,"","","",5.9279,""
"","",2022-04-29,Raymond-4th St,"","","",3.1716,""
"","",2022-04-29,LENOIR,"",0.0377,"","",0.0
"","",2022-04-29,Lancaster,"",0.0386,"",5.348,""
"","",2022-04-29,Fresno - Sierra Skyp,"",0.0365,"","",""
"",0.1863,2022-04-29,Mira Loma - Van Bure,0.0077,0.0392,49.4907,16.6463,""
"","",2022-04-29,PECK,0.0019,0.0325,23.704,9.3984,9.0E-4
"","",2022-04-29,Missoula Boyd Park,"",0.0435,13.9612,2.0845,""
"","",2022-04-29,Navajo Lake,0.0038,0.0537,"","",""
"","",2022-04-29,Wilgus,"",0.032,"","",""
"",0.1711,2022-04-29,Utah Tech. Center,0.0037,0.0468,"",6.3567,1.0E-4
"","",2022-04-29,"Emmetsburg, ILCC","",0.0259,"",13.0737,""
"","",2022-04-29,Erda,0.0016,0.0481,"",5.412,""
"","",2022-04-29,DEARBORN,"","",20.5,6.8,""
"","",2022-04-29,Hayward,"",0.0386,"","",""
"",0.2998,2022-04-29,Indpls - I-70 E,0.0042,0.0359,"",8.0388,""
"","",2022-04-29,HAZ2,"",0.0446,"",8.7672,""
"","",2022-04-29,Ely,"",0.0423,"",6.3095,""
"","",2022-04-29,Chester,0.0,0.043,"",6.1032,1.0E-4
"","",2022-04-29,Dunkirk,"",0.0285,"","",""
"","",2022-04-29,Clemmons Middle,"",0.0388,"",8.2248,""
"",0.1631,2022-04-29,Preble NCore,"",0.0279,"",8.634,7.0E-4
"",0.1443,2022-04-29,STILWELL CASTNET & N,"",0.0394,19.2404,9.6827,3.0E-4
"","",2022-04-29,MANITOWOC,"",0.0463,"","",""
"","",2022-04-29,Tahoe City,"",0.0486,"",4.4605,""
"","",2022-04-29,WHlthDpt,0.0031,0.0327,22.392,9.0928,""
"","",2022-04-29,NEWTWN,"",0.0416,"",6.0816,""
"","",2022-04-29,Dripping Springs C61,"",0.0231,"","",""
"","",2022-04-29,Thousand Oaks - Moor,"",0.0344,"",13.112,""
"","",2022-04-29,Flagler County,"",0.0555,"","",""
"","",2022-04-29,Horn Point,"",0.0451,"",2.9524,0.0
"","",2022-04-29,Chippewa,"",0.041,"",4.7738,""
"","",2022-04-29,Marietta WTP,"",0.044,"","",""
"","",2022-04-29,FRANCONIA,"",0.0387,"",4.8505,6.0E-4
"",0.1085,2022-04-29,Cheeka Peak,"",0.0397,"",1.6863,0.0
"","",2022-04-29,Springville,"",0.0331,"",17.4333,""
"",0.1072,2022-04-29,Piney Run,0.0012,0.0458,"",4.1746,3.0E-4
"","",2022-04-29,Manse,"","",61.5701,"",""
"","",2022-04-29,Steubenville,"",0.031,"",10.399,0.0
"","",2022-04-29,Lacey-College St,"",0.0333,"",2.5843,""
"","",2022-04-29,SPA-Irving St.,0.0113,"","",10.6217,0.0
"","",2022-04-29,Rte 9 Del. City,"","","",5.0631,2.0E-4
"","",2022-04-29,ELGIN,"",0.0206,"","",""
"",0.2157,2022-04-29,West Yellowstone Par,0.0011,"","","",""
"",0.1166,2022-04-29,Jerome Mack,0.0039,0.0545,77.2054,15.7259,0.0
"","",2022-04-29,PURCHASE,"",0.0633,"","",""
"","",2022-04-29,Lyons,"","","",3.7024,""
"","",2022-04-29,Sandhill,0.0059,0.049,"","",""
0.1659,"",2022-04-29,HARRINGTON BCH,"",0.0459,"",7.16,""
"","",2022-04-29,Big Piney,9.0E-4,0.0475,"","",""
"","",2022-04-29,Sandersville,"","",29.4563,12.5466,""
"","",2022-04-29,BAYROAD,"",0.0281,"","",""
"","",2022-04-29,MARTINSBURG,"",0.0416,"","",""
"","",2022-04-29,Lake Sugema,0.003,0.041,"","",0.0
"",0.2878,2022-04-29,Oakland,0.008,0.0279,"",7.0625,""
"","",2022-04-29,Indpls-Washington Pa,0.004,0.0355,23.3981,8.1398,""
"","",2022-04-29,Millville,0.0069,0.04,"",4.3313,""
"","",2022-04-29,Jefferson,"","",66.6735,10.1961,""
"","",2022-04-29,Desert View,0.0032,0.0428,52.3468,"",""
"","",2022-04-29,Silverton,"","","",2.6472,""
"","",2022-04-29,South Pass,6.0E-4,0.0529,"",2.7231,""
"","",2022-04-29,Pinehurst,"",0.029,10.2245,5.8469,""
"","",2022-04-29,ChelmsfordNR,0.0018,0.0419,"",3.4533,""
"","",2022-04-29,Towanda,"",0.0349,"",6.0648,""
"","",2022-04-29,SHIRLEY PLANTATION,0.0023,0.0346,"","",6.0E-4
"","",2022-04-29,Prescott Pioneer Par,"",0.0539,"","",""
"",0.1854,2022-04-29,Clovis - N. Villa Av,0.0041,0.0376,24.4941,7.7765,""
"","",2022-04-29,SCHILPRK,"",0.0196,"","",""
"","",2022-04-29,Carrithers Middle Sc,"",0.0422,16.0714,6.892,""
"","",2022-04-29,PIKE2001,"",0.0341,"",6.7992,""
"","",2022-04-29,Colerain,"",0.0355,"",5.4388,1.0E-4
"","",2022-04-29,Bad River Tribal Sch,"",0.0393,"",4.98,""
"","",2022-04-29,Troost,0.006,"",22.9912,8.5168,0.001
"","",2022-04-29,Ladue,"","","",9.1159,""
"","",2022-04-29,Cranberry,"",0.0562,"","",""
"","",2022-04-29,MORGANTOWN,"",0.0385,"","",""
"","",2022-04-29,Stanfield,"","",46.8447,"",""
"","",2022-04-29,Paradise Road,"",0.0386,"","",""
"",0.1103,2022-04-29,Londonderry - Moose,"",0.0457,8.8816,3.7237,0.0
"","",2022-04-29,Whiteface Mtn,"",0.0467,"",3.4939,""
"","",2022-04-29,Fresh Kills,"",0.0368,"",3.0375,""
"","",2022-04-29,Oakridge - Willamett,"","","",1.8832,""
"","",2022-04-29,Sweet Home - Fire De,"","","",3.6824,""
"",0.0048,2022-04-29,Underhill,"",0.0469,"",3.6808,0.0
"","",2022-04-29,Lancaster-Division,"",0.0568,33.1869,8.8972,""
"","",2022-04-29,Las Flores Canyon,"",0.0437,26.824,"",""
"","",2022-04-29,Denver - NJH - 14th,"","",43.6064,8.8479,""
"","",2022-04-29,Ute 3,0.0012,0.0564,46.9603,"",""
"","",2022-04-29,Crystal River Preser,"","","",10.9471,4.0E-4
"","",2022-04-29,EAST BAY,"","","","",0.0014
"","",2022-04-29,Plummer,"",0.0469,"","",""
"","",2022-04-29,Anderson-Eastside El,"",0.0355,"",8.1427,""
"","",2022-04-29,Sidney 201,0.0036,0.028,19.7573,9.434,0.0
"","",2022-04-29,Bklyn - PS 314,"","","",4.6337,""
"",0.1702,2022-04-29,Horicon Wildlife Are,"",0.0408,17.9143,8.4267,1.0E-4
"","",2022-04-29,Delray Beach,"","",15.6489,7.2,""
"","",2022-04-29,Jeffersonville - Bat,"","","",7.5233,""
"","",2022-04-29,Front Street,"","",26.6991,"",""
"",0.2644,2022-04-29,Sawgrass Lake Park,0.0093,"","","",""
"","",2022-04-29,Idaho City,"","","",2.165,""
0.5325,0.1588,2022-04-29,Howard County Near R,0.0137,"","",3.95,""
"","",2022-04-29,BOSTON-KENMORE,0.0057,"","",3.9067,0.0
"","",2022-04-29,NMH48217,"","","",6.1143,0.0011
"",0.2043,2022-04-29,Millbrook NCore,0.0051,0.0366,16.672,7.724,0.0
"","",2022-04-29,Baker City - Forest,"","","",5.7928,""
"","",2022-04-29,Greensburg,"",0.0284,"",5.756,""
"","",2022-04-29,Smithfield,0.0016,0.0441,"",5.5897,""
"","",2022-04-29,Lincoln,"",0.0335,"",5.7658,""
"","",2022-04-29,East Chicago - Marin,"","","",9.6184,0.0
"","",2022-04-29,Ontario May Roberts,"","","",3.1616,""
"","",2022-04-29,Elgin C1613,"",0.0275,"","",""
"","",2022-04-29,Milwaukee-UWM UPark,0.0029,0.0428,"","",0.001
"","",2022-04-29,Umatilla,"",0.045,"","",""
"","",2022-04-29,Douglas Red Cross,"","",26.5238,"",""
"","",2022-04-29,Durango Complex,"","",35.8077,8.0596,0.0
"","",2022-04-29,Yuma Supersite,"",0.0545,96.1786,32.5595,""
"","",2022-04-29,Archbold Biomedical,"",0.0399,"","",""
"",0.2961,2022-04-29,GT Craig NCore,0.0248,0.0254,48.8641,"",5.0E-4
"","",2022-04-29,Hillsboro - Hare Fie,"","","",4.6856,""
"","",2022-04-29,Jenkins Avenue,0.0129,"",31.325,"",2.0E-4
"","",2022-04-29,Pocomoke City,"","",9.8175,4.9246,""
"","",2022-04-29,Georgia Station,"",0.0571,"","",""
"","",2022-04-29,Burdens Creek,"",0.0331,21.4237,7.8763,""
"","",2022-04-29,Santa Barbara,"",0.0331,28.72,7.2521,""
"","",2022-04-29,Greeley Hospital,"","","",9.4989,""
"","",2022-04-29,Albany,"",0.0315,24.957,7.4289,""
0.2079,0.1144,2022-04-29,HU-Beltsville,0.0073,0.0385,"",4.0635,0.0
"",0.2468,2022-04-29,Boston-Von Hillern,0.01,"","",4.1467,""
"","",2022-04-29,CCNY,"",0.0393,"",2.5048,""
"","",2022-04-29,UNIONCROSS,"",0.0348,"","",""
"",0.0732,2022-04-29,Hawthorne,0.0027,0.0484,21.9677,6.8722,3.0E-4
"","",2022-04-29,Ouray,0.0011,0.0521,"","",""
0.8961,"",2022-04-29,Seattle-10th & Welle,0.0161,"","",4.5392,""
"","",2022-04-29,Preston PM25 BAM,"","","",4.7282,""
"","",2022-04-29,Catawba Indian Natio,"",0.0114,"",11.4231,""
"","",2022-04-29,Great Basin NP,"",0.0561,"","",""
"","",2022-04-29,Yosemite NP Turtleba,"",0.056,"","",""
"","",2022-04-29,Truckee BAM,"","","",7.7,""
"",0.5799,2022-04-29,Anaheim Near Road,0.0188,"","","",""
"","",2022-04-29,Lake City,"",0.0499,"",11.6115,""
"",0.0394,2022-04-29,Winter Park,"",0.0513,"",8.976,0.001
"","",2022-04-29,Meraux,"",0.0271,"","",""
"","",2022-04-29,Keene,"",0.0421,"",2.5263,""
"",0.0439,2022-04-29,Taft NCore,0.0055,0.0418,19.0485,6.7398,4.0E-4
"",0.1733,2022-04-29,Portland - SE Lafaye,0.005,0.0301,"",3.9864,0.0
"","",2022-04-29,"Clinton, Rainbow Par","",0.0265,"","",""
"","",2022-04-29,Sacaton,"",0.0446,41.8155,"",""
"","",2022-04-29,Gilory - 9th Street,"",0.0339,"",6.9059,""
"",0.1491,2022-04-29,Hartford,0.0036,"",12.3214,4.258,""
"","",2022-04-29,Soda Springs PM25,"","","",5.3029,""
"","",2022-04-29,PORT HURON,"",0.0321,"",6.324,0.0026
"","",2022-04-29,Liberty High School,"",0.0592,90.8482,17.2955,""
"","",2022-04-29,Seiling,"",0.0392,16.808,7.4512,""
"","",2022-04-29,NEA,"",0.0439,"","",""
"","",2022-04-29,Rio Vista,"","","",5.0132,""
"",0.0698,2022-04-29,Cheyenne NCore,0.0024,0.0454,26.8769,8.3898,1.0E-4
"","",2022-04-29,High School,"",0.0412,45.0874,"",""
"","",2022-04-29,Fort Bragg High Scho,"","",10.144,"",""
"","",2022-04-29,GreenValley,"",0.0548,84.7679,16.0929,""
"","",2022-04-29,Chaco Culture Nation,0.0,0.0571,"","",""
"","",2022-04-29,Blair,"","","",6.2857,""
"",0.1219,2022-04-29,NCORE - Bishop,"",0.0547,37.1748,7.6748,0.0
"","",2022-04-29,Hanford - S. Irwin S,"",0.0394,28.9765,5.9882,""
"","",2022-04-29,Redding,"",0.0475,"",3.856,""
"","",2022-04-29,Fl. Baptist Children,"",0.0429,23.5577,9.025,""
"","",2022-04-29,Santa Teresa,0.0047,0.0421,"",4.312,""
"","",2022-04-29,BUSHYFRK,"",0.0363,"","",""
"",0.1804,2022-04-29,Lindon,0.0018,0.0497,"",7.3103,""
"",0.3701,2022-04-29,Harrisville,0.0017,0.0473,24.3093,5.2227,""
"","",2022-04-29,Walla Walla-12th St,"","","",2.4069,""
"","",2022-04-29,Potosi,"","","",12.7867,""
"","",2022-04-29,Santa Maria,"","",19.664,10.3509,""
"","",2022-04-29,Jackson SLAMS,"","",5.7231,1.7692,""
"","",2022-04-29,Cashmere Mobile,"","","",4.0667,""
"","",2022-04-29,Vacaville,"",0.0363,"",4.3553,""
"","",2022-04-29,Scott County Park,"",0.0253,"","",""
"",0.2964,2022-04-29,Blue Ridge I-70,0.0075,"","",9.5301,""
"","",2022-04-29,Cedar Creek,"",0.0461,"","",""
"","",2022-04-29,WYLAM,"","",38.8131,19.7645,""
"","",2022-04-29,Parkgate (Eagle Rive,"","",29.2475,"",""
"","",2022-04-29,StJohns,"",0.0433,39.2427,"",""
"","",2022-04-29,Geronimo,"","",35.165,11.4369,""
"","",2022-04-29,Rocky Flats - N - 16,"",0.0571,"","",""
"","",2022-04-29,Kona,"","","",5.2222,2.0E-4
"","",2022-04-29,Hammond-167th St,"","","",8.0932,""
"","",2022-04-29,Rutgers University,0.0042,0.0418,"",4.5289,""
"","",2022-04-29,White Plains,"",0.0424,"",2.1,""
"","",2022-04-29,JAMESVIL,"",0.0305,9.232,"",0.001
"",0.1738,2022-04-29,NEW,0.012,0.0378,29.767,6.1243,1.0E-4
"","",2022-04-29,Portland McDaniel Hi,"","","",4.4504,""
"","",2022-04-29,Rockingham,0.0131,0.0276,"","",0.001
"","",2022-04-29,Bakersfield - Califo,0.0021,0.0389,"",5.625,""
"","",2022-04-29,Beltsville,"",0.0477,"","",""
"","",2022-04-29,Palo Duro,"",0.0579,"","",""
"","",2022-04-29,CasaBlanca,"","",54.2913,"",""
"","",2022-04-29,Fresno - Drummond St,0.0072,0.0394,29.9294,"",""
"","",2022-04-29,Folsom,0.001,0.0393,"",6.4909,""
"","",2022-04-29,St. Petersburg Colle,"",0.0488,"",8.6587,""
"","",2022-04-29,Columbus Airport,"",0.0462,25.2816,12.9039,""
"","",2022-04-29,PEORIA_J,"","","",10.9786,""
"","",2022-04-29,Evansville-Buena Vis,0.0047,0.0432,22.5728,9.0854,0.0021
"","",2022-04-29,ETOWN2,"",0.0444,"",7.7976,""
"",0.1562,2022-04-29,Sunrise Acres,"","","","",""
"","",2022-04-29,Mt. Washington base,"",0.0435,"","",""
"","",2022-04-29,Chesterfield,"",0.0419,"",11.2283,""
"","",2022-04-29,Beloit-Converse,"",0.0288,"","",""
"","",2022-04-29,KS Hawaii,"","","",2.6333,0.0
"",0.2603,2022-04-29,Salinas AMS,0.0035,0.0359,"",5.5207,""
0.0,"",2022-04-29,Arden Arcade - Del P,0.003,0.034,"",6.8254,5.0E-4
"","",2022-04-29,Denver Swansea Eleme,"","",72.5753,"",""
"","",2022-04-29,Haverhill,"",0.0431,"",3.6912,""
"","",2022-04-29,E Syracuse,"",0.0403,"","",""
"","",2022-04-29,Reynoldsburg,"",0.0407,"","",""
"","",2022-04-29,Kennewick-S Clodfelt,"",0.0393,"","",""
"","",2022-04-29,Niland - English Roa,"",0.0287,139.2727,"",""
"","",2022-04-29,Longmont,"","","",8.067,""
"","",2022-04-29,Leslie,"",0.0447,"","",""
"","",2022-04-29,Hilo,"","","",3.5778,0.0
"","",2022-04-29,Ogden Dunes,"",0.0363,"","",""
"","",2022-04-29,Inglefield,"",0.0452,"","",""
"","",2022-04-29,Monroe,"",0.0412,"","",""
"","",2022-04-29,Presque Isle Riversi,"","",0.5679,0.5802,""
"","",2022-04-29,TECUMSEH,"",0.0395,"",5.4317,""
"","",2022-04-29,NEW HAVEN,"",0.0305,"",6.6492,""
"","",2022-04-29,Leech Lake Nation: C,"","","",7.746,""
"","",2022-04-29,MENDNHAL,"",0.036,12.336,6.664,""
"","",2022-04-29,MONROEMS,"",0.0392,"","",""
"","",2022-04-29,Spanish Fork,0.0014,0.0479,"",7.501,""
"","",2022-04-29,Sheridan,"",0.0374,"","",""
"","",2022-04-29,NewCastle,"",0.0382,"","",""
"",0.0933,2022-04-29,Elizabeth,"","","","",0.0
"","",2022-04-29,Denali NPP,"",0.0445,"","",""
"",0.1825,2022-04-29,Fresno - Garland,0.0037,0.0342,25.3077,6.8769,0.0
"","",2022-04-29,Banning - South Hath,0.0033,0.0515,"",18.915,""
"","",2022-04-29,KILLENS,"",0.0382,"",4.6893,""
"","",2022-04-29,Kokomo - E. Vaile Av,"",0.0305,"","",""
"","",2022-04-29,Mille Lacs,"",0.0345,"","",""
"","",2022-04-29,Lacrosse-Hill St,"","","",2.9814,""
"","",2022-04-29,Daniel South,7.0E-4,0.0457,3.9538,"",""
"","",2022-04-29,CHICK.,"",0.0281,"",13.3951,0.0
"","",2022-04-29,PUBLIC HEALTH,"",0.0263,"",12.9795,0.0019
"","",2022-04-29,Shafter - Walker Str,0.0115,0.02,"","",""
"","",2022-04-29,TARRANT,"",0.035,"","",""
"","",2022-04-29,Elk Grove,0.0029,0.025,"",4.9365,""
"","",2022-04-29,Savannah L&A,"","",46.9223,13.5757,1.0E-4
"","",2022-04-29,Sedgwick,"",0.035,"","",""
"","",2022-04-29,City Park,"","","",10.025,""
"","",2022-04-29,Walter Johnson,"",0.0594,81.8125,15.0205,""
"","",2022-04-29,Portland - Spangler,"","","",8.7904,""
"","",2022-04-29,Branch Street,"","",75.8692,16.9953,""
"","",2022-04-29,Paso Robles - Santa,"",0.047,16.6,"",""
"",0.2006,2022-04-29,Greeley - Weld Co. T,"",0.0439,"","",""
"","",2022-04-29,Groton,"",0.0417,10.4196,3.925,""
"","",2022-04-29,John A. Chesnut Sr.,"",0.0471,"",10.0788,""
"","",2022-04-29,NORTHBRK,"",0.0346,"",8.103,""
"","",2022-04-29,BRAIDWD,"",0.0311,"",8.8233,""
"","",2022-04-29,Spanish Springs,"",0.0434,20.5922,7.6019,""
"","",2022-04-29,Middleport,"",0.0381,"","",""
"","",2022-04-29,New Albany,"",0.0408,"",4.7816,""
"","",2022-04-29,P2,0.0021,0.0543,25.1591,7.2523,""
0.3227,0.2431,2022-04-29,MILWAUKEE COLLEGE AV,0.0067,"",16.4667,7.9333,""
"","",2022-04-29,Johnson County,3.0E-4,0.0372,5.8923,"",""
"","",2022-04-29,Casper Gaseous,0.0026,0.0436,"",5.3846,""
"","",2022-04-29,Lake Montebello,0.0075,0.0388,"",2.1746,""
"","",2022-04-29,Loretto,"","","",13.2212,""
"","",2022-04-29,Rider Trail I-70,0.0149,"","","",2.0E-4
"","",2022-04-29,Kane Exp. Forest,"",0.0486,"","",""
"","",2022-04-29,Cle Elum Mobile,"","","",3.2628,""
"","",2022-04-29,Edison,0.0065,0.0402,"","",""
"",0.3038,2022-04-29,Pico Rivera,0.0167,0.0306,"","",""
"","",2022-04-29,Bridgeport,"","","",4.2759,0.0
"","",2022-04-29,Gardiner High School,"",0.0389,"","",""
"","",2022-04-29,Holden,"",0.0362,"","",""
"","",2022-04-29,Calvert,"",0.0359,"","",""
"","",2022-04-29,Grand Portage,"","","",1.7438,""
"",0.5129,2022-04-29,Minneapolis-Downtown,"","","","",1.0E-4
"","",2022-04-29,Carlsbad,4.0E-4,0.0542,"","",""
"","",2022-04-29,Williamson,"",0.0402,"","",""
"","",2022-04-29,Sheffield,"",0.0222,"","",""
"","",2022-04-29,Norristown,"",0.0461,"",4.648,""
"","",2022-04-29,Rose Elementary,"",0.0402,"",10.6699,""
"","",2022-04-29,Maricopa,"","",43.7864,"",""
"","",2022-04-29,Corcoran,"","",37.0244,8.0488,""
"","",2022-04-29,Davis - UCD Campus,0.0018,0.0421,"",2.1071,""
"","",2022-04-29,CICERO,"",0.0228,"","",""
"","",2022-04-29,East St. Louis,"",0.0269,"",12.7388,""
"","",2022-04-29,Helmsburg,"",0.038,"","",""
"","",2022-04-29,Rossiter Pump House,"","","",5.6515,""
"",0.3573,2022-04-29,Smoky Row Near Road,0.0109,"","",7.3485,""
"","",2022-04-29,Bowling Green,"",0.0378,"","",""
"","",2022-04-29,Albany - Calapooia S,"","","",2.5344,""
"",0.1798,2022-04-29,MATH & SCIENCE CTR,0.0072,0.0337,"",5.9456,0.0
"","",2022-04-29,Issaquah-Lake Sammam,"",0.0243,"","",""
"","",2022-04-29,GREEN BAY UW,"",0.0437,"","",""
"","",2022-04-29,MILWAUKEE 16TH ST,"",0.0371,"",8.5695,""
"","",2022-04-29,Grand Canyon ozone b,"",0.0607,"",9.6692,""
"","",2022-04-29,Wade School,"",0.0338,"","",""
"","",2022-04-29,Indio-29 Palms,"",0.0532,149.6707,22.3971,""
"","",2022-04-29,Coachline,"",0.0425,"",9.4951,""
"","",2022-04-29,GANDY,"",0.0468,"",10.6988,""
"","",2022-04-29,Pocatello STP,"","","","",0.0023
"","",2022-04-29,Dodge City,"","",25.336,"",""
"","",2022-04-29,Shakopee,"",0.0287,"",11.9048,""
"","",2022-04-29,Eugene - Highway 99,"","","",2.3248,""
"","",2022-04-29,Ellensburg-Ruby St,"","","",2.1863,""
"","",2022-04-29,SPRNGDLE,"",0.0412,"",10.0567,""
"","",2022-04-29,Keeler,"","",36.6408,10.7515,""
"","",2022-04-29,Goleta,"",0.0328,26.056,6.912,""
"",0.1785,2022-04-29,MLK,"","","","",1.0E-4
"","",2022-04-29,NR-285,0.0147,"","","",""
"","",2022-04-29,COGGON,"",0.0237,"","",""
"","",2022-04-29,Acadia NP - McFarlan,"",0.0372,"",0.7556,0.0
"","",2022-04-29,Virginia,"","","",4.7619,""
"","",2022-04-29,Waterville,"",0.0371,"","",""
"","",2022-04-29,Toms River,"","","",3.1944,""
"",0.1253,2022-04-29,La Habra,0.0077,0.0401,"","",""
"","",2022-04-29,Mesa 2 /Nipomo,"","",59.728,14.952,0.0011
"","",2022-04-29,LANSING,0.0085,0.0337,"",7.6738,0.0029
"","",2022-04-29,GREEN BAY E HIGH,"","","",7.001,6.0E-4
"","",2022-04-29,Cut Bank,"","","",3.8085,""
"","",2022-04-29,Wetumpka Tech Park,"",0.03,"","",""
"","",2022-04-29,BROADWAY (South),"","","",9.1386,""
"","",2022-04-29,Colfax,"",0.0425,"",8.9706,""
"","",2022-04-29,Pinnacles NM,"",0.041,"","",""
"","",2022-04-29,TracyAP,0.002,0.0408,12.4471,1.8706,""
"","",2022-04-29,LUMS 2,"",0.0378,"",6.1252,""
"","",2022-04-29,Salmon PM2.5,"","","",4.9785,""
"",0.4233,2022-04-29,ELIZA HOWELL-NR,0.0201,"","",11.2127,""
"","",2022-04-29,Blythe,"",0.0475,"","",""
"",0.1819,2022-04-29,NCore,"",0.0308,27.9208,3.6832,0.0019
"","",2022-04-29,Zuni Hills,"","",56.0769,"",""
"","",2022-04-29,Children's Park Site,"",0.0459,"",9.1748,""
"","",2022-04-29,Hawaii Volcanoes NP,"","","","",0.0
"","",2022-04-29,Maspeth,"","","",2.0029,""
"","",2022-04-29,LESTER BUILDING SYST,"",0.039,"",5.2971,""
"","",2022-04-29,Yacolt-Yacolt Rd,"","","",2.6186,""
"","",2022-04-29,Long Beach Signal Hi,0.0079,0.0407,30.8981,13.4574,4.0E-4
"","",2022-04-29,Platteville Atmosphe,0.0025,0.044,"","",""
"","",2022-04-29,Rockville,"",0.0383,"",6.525,""
"","",2022-04-29,BONTERRE,"",0.0444,"","",""
"","",2022-04-29,Lapwai,"","","",2.9167,""
"","",2022-04-29,Glendale Community C,"",0.0454,33.3942,9.1942,""
"","",2022-04-29,St. Andrews Park,"",0.046,"",12.2779,""
"","",2022-04-29,Augusta,"",0.0297,29.4466,15.9146,0.001
"",0.1859,2022-04-29,Kapolei,0.0034,"",19.7889,5.4778,0.0
"","",2022-04-29,Cove - City Hall,"","","",3.4848,""
"","",2022-04-29,Bellevue-SE 12th,"","","",2.4775,""
"","",2022-04-29,N/A,"",0.0314,"","",""
"","",2022-04-29,New Milford,"","","",4.1256,""
"",0.0144,2022-04-29,NR,0.0049,0.0416,"",7.4454,""
"","",2022-04-29,Port Clyde,"",0.0381,"","",""
"","",2022-04-29,Glenpool,"",0.0358,14.976,7.992,""
"","",2022-04-29,Lancaster DW,"",0.0362,"",8.5704,""
"","",2022-04-29,SHELBY FARMS,"",0.0458,"",12.0435,""
"","",2022-04-29,Hurricane,0.0036,0.0569,"",12.8711,""
"","",2022-04-29,Chiloquin,"","","",2.7088,""
"","",2022-04-29,San Andreas,"",0.0371,10.2656,5.9219,""
"","",2022-04-29,Stockton,"",0.0328,"","",""
"","",2022-04-29,FRAYSER,"",0.0515,"","",""
"","",2022-04-29,CARPENTER,"",0.0397,"",8.51,""
"","",2022-04-29,Virgin Valley,"",0.056,60.2411,12.9777,""
"","",2022-04-29,Ward,"",0.0172,"",16.0437,1.0E-4
"","",2022-04-29,WORTH2002,"",0.0425,"","",""
"","",2022-04-29,Paw Park,"",0.0408,19.9327,"",""
"","",2022-04-29,HOUGHTON LAKE,0.0,0.0437,"",8.456,""
"","",2022-04-29,PITTAGCT,"",0.0299,"",5.488,""
"","",2022-04-29,Freels,"",0.0362,"","",""
"","",2022-04-29,LOUDONMS,"",0.028,"",10.4615,""
"","",2022-04-29,Paonia,0.0018,0.0476,19.5833,7.4667,""
"","",2022-04-29,Maryland Heights,"",0.0365,"","",""
0.1526,0.215,2022-04-29,McMillan Reservoir,0.0056,0.0489,16.24,2.7231,""
"","",2022-04-29,McDonough,"",0.0407,"",13.8806,""
"","",2022-04-29,WATSON,"",0.0426,17.4643,7.2598,7.0E-4
"",0.3416,2022-04-29,Minneapolis-Near Roa,0.007,0.0265,"",9.1825,""
"","",2022-04-29,JOHNSTON,"",0.032,"",8.08,""
"","",2022-04-29,Eastlake,"",0.0291,"","",""
"","",2022-04-29,Trenton,"",0.0441,"",12.0151,3.0E-4
"","",2022-04-29,Jersey City FH,"","","",3.1583,""
"","",2022-04-29,Miami Town Site,"","","","",7.0E-4
"","",2022-04-29,Joshua Tree NP - Cot,"",0.0593,"","",""
"","",2022-04-29,SIMMONS PARK,"",0.0437,"","",""
"","",2022-04-29,Ketchum,"","","",4.6699,""
"","",2022-04-29,CHI_SP,"","","",8.8684,""
"","",2022-04-29,JERSEYVL,"",0.0347,"",11.0359,""
"","",2022-04-29,WY/KC,0.005,0.0326,24.0,11.0025,5.0E-4
"","",2022-04-29,East Bethel,"",0.0335,"","",""
"","",2022-04-29,Ponca City,"","",24.4608,8.5744,1.0E-4
"","",2022-04-29,Scranton,"",0.0365,"",4.5782,""
"","",2022-04-29,Pierre,"","","",7.6553,""
"","",2022-04-29,Dayton-W Main,"","","",2.4093,""
"","",2022-04-29,Big Bear,"","","",7.2926,""
"","",2022-04-29,WEIRTON,"",0.0436,"","",""
"","",2022-04-29,South Long Beach,"","","",15.387,""
"","",2022-04-29,Anderson,"",0.0339,"","",""
"","",2022-04-29,Aurora East,"",0.0526,"","",""
"","",2022-04-29,Danbury,"",0.0456,17.9464,4.4795,""
"","",2022-04-29,NKU,"",0.0376,"",5.808,""
"","",2022-04-29,Colliers Mills,"",0.0469,"","",""
"","",2022-04-29,Rockland Cty,"",0.0453,"",2.0896,""
"","",2022-04-29,Yukon,"",0.0319,"","",""
"",0.1963,2022-04-29,MON,0.0045,"","","",""
"","",2022-04-29,Florence,"",0.0366,"",5.5472,""
"","",2022-04-29,Johnstown,"",0.0371,"",7.7808,""
"","",2022-04-29,Dinosaur National Mo,"",0.0521,"","",""
"",0.351,2022-04-29,Pleasanton - Owens C,0.0097,"","",7.3704,""
"","",2022-04-29,South Lake Tahoe - S,"","",10.699,"",""
"","",2022-04-29,Alpine,"",0.0536,"",10.6944,""
"","",2022-04-29,Santa Ynez,"",0.0364,"",5.4677,""
"","",2022-04-29,Chatfield Park - 115,"",0.0542,"",7.4713,""
"","",2022-04-29,Sandpoint U of I,"","",18.4257,6.8812,""
"",0.176,2022-04-29,GRAND RAPIDS,"",0.0399,20.386,7.0895,0.0017
"","",2022-04-29,St. Michael,"",0.0305,"",9.3175,""
"","",2022-04-29,Cookeville,"","","",11.8173,""
"","",2022-04-29,Clarkston-13th St,"","","",4.05,""
"","",2022-04-29,Tacoma-S 36th St,0.0121,"","",4.0686,""
"","",2022-04-29,MARION,"",0.0464,"",12.3425,""
"","",2022-04-29,LEWISPOR,"",0.045,"","",""
"","",2022-04-29,Cave Creek,"",0.0528,"","",""
"","",2022-04-29,Barstow,"",0.0507,42.7477,"",""
"","",2022-04-29,7004,0.0023,0.0404,"","",0.001
"","",2022-04-29,V_VIEW,"",0.0247,"",7.584,""
"","",2022-04-29,Cisco Drive,"",0.0342,"","",""
"","",2022-04-29,Brunswick,"",0.0439,23.5922,9.3786,""
"","",2022-04-29,QUINCY,"",0.0395,"","",""
"","",2022-04-29,Cicero2,"","","",8.4529,""
"","",2022-04-29,Vinton,"",0.0458,"","",""
"","",2022-04-29,CLEVELAND,"",0.0476,"",11.7961,""
"","",2022-04-29,Canton DRR,"","","","",0.0021
"","",2022-04-29,Eloy,"","",38.5146,"",""
"","",2022-04-29,Shell Cut,"","",27.1262,"",""
"","",2022-04-29,Lewiston,"","","",4.3152,""
"","",2022-04-29,GC_MAD,"","","",10.303,""
"","",2022-04-29,LYNN,0.0012,0.0432,"","",""
"","",2022-04-29,Berea BOE,"",0.0251,"","",""
"",0.1659,2022-04-29,Seattle-Beacon Hill,0.0078,0.0349,"",3.0196,0.0
"","",2022-04-29,New Castle,"",0.0342,"","",""
"",0.2923,2022-04-29,Buckeye,0.006,0.0423,53.3846,"",""
"","",2022-04-29,Yosemite Village - V,"","",10.835,5.2621,""
"",0.2381,2022-04-29,Sebastopol,0.0036,0.03,"",5.1605,""
"","",2022-04-29,Mandarin,"","",20.5714,8.9536,""
"","",2022-04-29,FBHWWTP,"","","","",0.001
"","",2022-04-29,Bayou Plaquemine,"",0.0404,"","",""
"","",2022-04-29,Marine on St. Croix,"",0.0323,"","",""
"","",2022-04-29,Bozeman High School,"","","",5.5631,""
"","",2022-04-29,Brigantine,"",0.044,"",3.7485,0.0
"","",2022-04-29,BAYVIEW,"","","","",0.0
"","",2022-04-29,HANOVER,"",0.0321,"","",""
"","",2022-04-29,Shenandoah NP,"",0.05,"",3.9282,""
"","",2022-04-29,Sheboygan-Haven,"",0.0447,"","",""
"","",2022-04-29,Bastrop C1612,"",0.0298,"","",""
"","",2022-04-29,Thirty Third,0.025,"","","",""
"","",2022-04-29,Humboldt Mountain -,"",0.0622,"","",""
"",0.269,2022-04-29,San Francisco,0.0118,0.031,"",8.6118,""
"","",2022-04-29,Amherst,"",0.0284,"","",""
"","",2022-04-29,BDED,"","","",10.3821,""
"","",2022-04-29,Pomeroy-Pataha St,"","","",2.3918,""
"","",2022-04-29,Perkinstown,"",0.0493,"","",""
"","",2022-04-29,Miami Jones Ranch,"","","","",0.001
"","",2022-04-29,Maricopa - Stanilaus,"",0.0474,"","",""
"",0.1723,2022-04-29,Lake Elsinore - W. F,0.0015,0.0518,28.1308,8.8869,""
"","",2022-04-29,Hesperia - Olive Str,"",0.0476,33.951,"",""
"","",2022-04-29,Dayville,"",0.0446,"","",6.0E-4
"","",2022-04-29,KNI-Topeka,"",0.0326,24.816,10.7424,""
"","",2022-04-29,Glen Burnie,"",0.0283,"","",""
"","",2022-04-29,Mt Rainier- Jackson,"",0.046,"","",""
"","",2022-04-29,Yellowstone- Old Fai,0.0014,"","",3.044,""
"","",2022-04-29,Spokane-E Broadway A,"","",8.2059,2.5784,""
"","",2022-04-29,Shuttlesworth,"","",51.4112,20.3336,""
"","",2022-04-29,ADEQ-DSR,"","","",12.5359,""
"","",2022-04-29,Ocean View,"","","",6.5663,0.0051
"","",2022-04-29,ODOT Ironton,"",0.039,"",5.3602,0.0
"","",2022-04-29,BV,0.0015,0.0485,"",5.0887,""
"","",2022-04-29,MADISON EAST,"",0.0326,"",9.3314,6.0E-4
"","",2022-04-29,Boulder,9.0E-4,0.0447,"","",""
"","",2022-04-29,Hillcrest HS,"",0.0417,21.2301,7.3248,""
"","",2022-04-29,MTSP,0.0024,0.0404,11.8611,"",0.0024
"","",2022-04-29,Colville-E 1st St,"","",19.2366,4.8387,""
"",0.0,2022-04-29,Jersey City,0.0058,"","","",0.0
"",0.232,2022-04-29,Redwood City,0.008,0.0319,"",7.2941,""
"",0.2702,2022-04-29,Pepsi Place,0.012,"","",9.3381,""
"","",2022-04-29,Santa Fe Airport,"",0.0518,"",12.5926,""
"","",2022-04-29,Theodore Roosevelt N,"",0.0323,"",9.0154,""
"","",2022-04-29,Choctaw,"",0.0321,"","",""
"","",2022-04-29,BVILLE,"",0.0481,"","",""
"","",2022-04-29,Yakima-4th Ave,"","",9.951,4.7941,""
"","",2022-04-29,Pinedale Gaseous,0.0011,0.0437,"",2.3846,""
"","",2022-04-29,Parsons,"",0.0438,"","",""
"","",2022-04-29,Tuscan Butte (Season,"",0.0478,"","",""
"","",2022-04-29,Manitou Springs,"",0.0604,"","",""
"","",2022-04-29,Leo HS,"",0.0392,"","",""
"","",2022-04-29,ROSE LAKE,"",0.0345,"","",""
"","",2022-04-29,Seeley Elementary Sc,"","","",6.9306,""
"","",2022-04-29,Tonawanda II,"","","",4.0385,""
"","",2022-04-29,Taylorsville Liledou,"",0.0355,"","",""
"","",2022-04-29,Redwash,8.0E-4,0.059,"","",""
"","",2022-04-29,Kenosha-Water Tower,"",0.0361,"","",""
"","",2022-04-29,ROCKWELL,0.0031,0.0341,"",9.96,""
"","",2022-04-29,KALAMAZOO,"",0.0436,"",8.3087,""
"","",2022-04-29,Mountains Edge,"",0.0551,74.0714,14.6696,""
"","",2022-04-29,Eugene - Amazon Park,"",0.041,"",1.7697,""
"","",2022-04-29,EASTKNOX,"",0.041,"","",""
"","",2022-04-29,Madison University A,"","",19.3619,10.4314,""
"","",2022-04-29,Woodland,"",0.0361,"",4.4605,""
"","",2022-04-29,Orchard Farm,"",0.0344,"","",""
"",0.2911,2022-04-29,BLAIR STREET,0.0223,0.0252,36.6018,12.0234,8.0E-4
"","",2022-04-29,Otay Mesa - Donovan,"",0.0455,"",14.7944,""
"","",2022-04-29,LWATTOWR,"","","",9.376,""
"","",2022-04-29,Longview-30th Ave,"","","",3.5363,""
"","",2022-04-29,APPLETON AAL,"",0.0439,"",8.0619,""
"","",2022-04-29,Racine-Payne and Dol,"",0.0412,"","",""
"","",2022-04-29,East Matunuck,"",0.0444,"","",""
"",0.1998,2022-04-29,Phoenix JLG Supersit,0.008,0.0404,39.369,11.0952,0.0
"","",2022-04-29,Bakersfield - Golden,"","",43.8471,14.1765,""
"","",2022-04-29,Rotary Park,"",0.0396,"","",""
"","",2022-04-29,Greenfield,"",0.0427,"",3.76,""
"","",2022-04-29,Minneapolis-Phillips,"","","",11.3583,""
"","",2022-04-29,Rochester,"",0.0333,"",7.5626,""
"","",2022-04-29,Marcus Hook,"","","",5.2184,""
"","",2022-04-29,Kessler,"",0.0336,"","",""
"","",2022-04-29,Brawley - 220 Main S,"","",88.9256,"",""
"","",2022-04-29,Joliet,"","","",9.6883,""
"","",2022-04-29,BUCKNER,"",0.0434,"","",""
"","",2022-04-29,Riverhead,"",0.0464,"","",""
"","",2022-04-29,Honeycutt,"",0.034,"","",""
"","",2022-04-29,LACROSSE DOT,"",0.0302,"",11.919,""
"","",2022-04-29,Bend Ponderosa Eleme,"","","",3.2232,""
"","",2022-04-29,NLRAP,"",0.0457,"","",""
"",0.0,2022-04-29,Perimeter,0.02,"","","",""
"","",2022-04-29,Laurel Oaks Elementa,"",0.0342,"",8.9548,""
"","",2022-04-29,Noblesville-191st St,"",0.033,"","",""
"","",2022-04-29,Clarksville,"","","",14.125,""
"","",2022-04-29,Cody SLAMS,"","","",3.6169,""
"","",2022-04-29,Dillon,"","","",3.0778,""
"",0.2038,2022-04-29,West Chandler Fire S,"",0.043,43.875,"",""
"",0.2584,2022-04-29,Azusa,0.0085,0.0311,"","",""
"","",2022-04-29,SEAFORD,"",0.0419,"",5.3714,""
"","",2022-04-29,Pensacola NAS,"",0.0479,"","",""
"","",2022-04-29,Solano Drive,"",0.0451,"","",""
"","",2022-04-29,Leavenworth-Evans St,"","","",3.7,""
"","",2022-04-29,Coweeta,"",0.056,"","",""
"","",2022-04-29,Portola,"","","",16.475,""
"",0.2313,2022-04-29,La Casa NCORE - 4545,0.0108,0.0426,41.0108,8.8532,1.0E-4
"","",2022-04-29,Fort Collins - West,"",0.0514,"","",""
"","",2022-04-29,Sikes Elementary Sch,"",0.0466,"","",9.0E-4
"","",2022-04-29,Cottonwood,"","","",4.1058,""
"","",2022-04-29,Weiser PM25,"","","",7.5301,""
"","",2022-04-29,NORMAL,"",0.0369,"",10.732,""
"","",2022-04-29,Nogales ITN,"","",61.9524,12.0107,""
"","",2022-04-29,FGRLAKES,"",0.0449,"","",""
"",0.0901,2022-04-29,Cornwall,"",0.048,8.0446,3.4348,0.0
"","",2022-04-29,Plummer CDA Tribe,"","","",5.4854,""
"","",2022-04-29,EVANSTON,"",0.0345,"","",""
"","",2022-04-29,PEORIA_H,"",0.0414,"","",""
"","",2022-04-29,Avon,"",0.0274,"","",""
"","",2022-04-29,Indpls-W.18th St,"","","",8.4942,""
"","",2022-04-29,Goodland,"","",30.4299,"",""
"","",2022-04-29,Portland - Deering O,0.0026,0.039,"",2.4935,""
"","",2022-04-29,Williams Middle Scho,"","","",11.4269,""
"","",2022-04-29,Soddy Daisy,"",0.0472,"","",""
"","",2022-04-29,Bennington,"",0.0466,"",3.756,""
"","",2022-04-29,Montoursville,"",0.0375,"","",""
"","",2022-04-29,Salamonie Reservoir,"",0.0403,"","",""
"","",2022-04-29,Penn State,"",0.0498,"","",""
"","",2022-04-29,GREENBRIER COUNTY,"",0.0364,"","",""
"","",2022-04-29,LEHI,"",0.0475,43.0874,"",""
"",0.2845,2022-04-29,Colorado Springs - H,"","","","",0.0
"","",2022-04-29,WAIKOLOA,"","","",1.9667,""
"","",2022-04-29,Flora,"",0.0287,"","",""
"","",2022-04-29,Lone Pine,"","",30.1552,"",""
"","",2022-04-29,PC South Girard Scho,"",0.0381,"",12.8932,""
"","",2022-04-29,Caddo Valley,"",0.0491,"","",""
"","",2022-04-29,Homestead Fire Stati,"","","",9.85,""
"","",2022-04-29,MONTG,"",0.0427,"",12.066,""
"","",2022-04-29,Nipomo Mesa CDF,"","",49.3097,14.7345,""
"",0.1483,2022-04-29,St. Lukes Meridian,0.0049,0.0379,"","",0.0
"",0.1675,2022-04-29,Evansville-Lloyd,"","","","",""
"","",2022-04-29,MIDAIR,"",0.0395,"",11.0288,""
"","",2022-04-29,Convent,"",0.0344,"","",""
"","",2022-04-29,SPRINGFIELDSP,0.0033,"","",4.0408,0.0
"",0.1748,2022-04-29,Boston - Roxbury,0.0075,0.0413,"",3.6667,0.0
"","",2022-04-29,Klamath Falls - Pete,"","","",3.9112,""
"","",2022-04-29,Cottage Grove City S,"","","",2.4168,""
"","",2022-04-29,Basin,"",0.0397,"","",""
"","",2022-04-29,NO. BHAM,"",0.0355,53.2234,22.2598,""
"","",2022-04-29,Ft. Collins - CSU Fa,"","",29.4684,8.0456,""
"","",2022-04-29,Lewistown,"",0.0436,7.4272,5.7727,""
"","",2022-04-29,Rider University,"",0.0433,"",3.3929,""
"","",2022-04-29,Hackney,"","","","",2.0E-4
"","",2022-04-29,Burneyville,"",0.0313,"","",""
"","",2022-04-29,Pendleton - McKay Cr,"","","",2.0286,""
"","",2022-04-29,Aberdeen,"","",16.8544,8.3456,""
"","",2022-04-29,Simi Valley - Cochra,"",0.0397,30.08,12.648,""
"","",2022-04-29,Kenner,"",0.0327,"","",""
"","",2022-04-29,Newport-Calispel,"","","",4.5727,""
"","",2022-04-29,Heritage Park,"",0.0334,16.6923,8.9538,""
"","",2022-04-29,Nogales Post Office,"","",39.2738,10.8333,""
"","",2022-04-29,Fair Hill,"",0.045,"",4.119,""
"","",2022-04-29,Red Lake Nation,"","","",6.9683,""
"","",2022-04-29,Eau Claire,"",0.0372,21.7048,8.6219,""
"","",2022-04-29,Juel Spring,0.001,0.0452,"","",""
"","",2022-04-29,Estacada Clackamas R,"","","",3.664,""
"","",2022-04-29,Eastern Band of Cher,"",0.0449,"",9.4435,""
"","",2022-04-29,Lebec,"","","",5.8,""
"","",2022-04-29,Sutter Buttes (seaso,"",0.0511,"","",""
"","",2022-04-29,Sandcut,"",0.0387,"","",""
"","",2022-04-29,Eisenhower Park,"","","",2.7067,""
"","",2022-04-29,Zion NP,"",0.0595,"","",""
"","",2022-04-29,Carthage,"","","",6.5893,""
"","",2022-04-29,NWBLMFLD,"",0.0417,"","",""
"","",2022-04-29,ARNOLD WEST,"",0.0374,21.0531,9.9299,""
"","",2022-04-29,El Cajon - Lexington,"",0.0483,"",13.944,""
"",0.1144,2022-04-29,Ute 1,0.0023,0.0465,"","",""
"","",2022-04-29,DANIA_BEACH,0.0051,0.0395,"","",""
"","",2022-04-29,Springfield Ag,"","","",9.766,""
"","",2022-04-29,Linville Falls,"",0.0377,"","",""
"","",2022-04-29,BAYSIDE,"",0.0436,"","",""
"","",2022-04-29,Kamiah,"","","",3.5545,""
"","",2022-04-29,Beaufort,"",0.0456,"","",""
"",0.188,2022-04-29,Bakersfield-Muni,0.0088,0.0369,"","",""
"","",2022-04-29,Soda Springs SO2,"","","","",0.001
"","",2022-04-29,Rochester Near-road,"","","",3.6692,""
"","",2022-04-29,McAlester,"",0.0366,14.744,8.0192,""
"","",2022-04-29,Canyonlands NP,"",0.0579,"","",""
"","",2022-04-29,York,"",0.0396,"",5.4984,""
"","",2022-04-29,Fellows Lake,"",0.0463,"","",""
"","",2022-04-29,Orange Grove,"","",30.9126,8.534,""
"","",2022-04-29,Skiatook,"",0.0361,"","",""
"","",2022-04-29,Grangeville,"","","",2.7143,""
"","",2022-04-29,"Muscatine, High Scho","","","",10.1619,0.0041
"","",2022-04-29,Pinnacle Peak Club H,"",0.0525,"","",""
"","",2022-04-29,LEWES,"",0.045,"","",""
"","",2022-04-29,Stuart,"",0.0432,"",8.9202,""
"","",2022-04-29,DURHAM,"",0.0397,"","",""
"","",2022-04-29,Lebanon,"",0.0403,"",5.223,""
"","",2022-04-29,Holtsville,"",0.0446,"",2.25,""
"","",2022-04-29,SLO Roberto,"","",19.032,7.56,""
"","",2022-04-29,Nampa Fire Station,"","",11.0208,2.2619,""
"","",2022-04-29,Monmouth University,"",0.0443,"","",""
"","",2022-04-29,Kremlin,"","","","",0.001
"","",2022-04-29,The Dalles - Cherry,"","","",2.628,""
"","",2022-04-29,Enumclaw Mud Mt (SO),"",0.0318,"","",""
"","",2022-04-29,Airway Heights-West,"","","",2.6765,""
"","",2022-04-29,FOND DU LAC,"",0.043,"","",""
"","",2022-04-29,Warner Robins,"","",23.0,10.0528,""
"","",2022-04-29,St. Cloud,"",0.0312,"",10.1825,""
"","",2022-04-29,Alliance,"",0.0324,"","",""
"","",2022-04-29,Sisters Forest Servi,"","","",2.1192,""
"","",2022-04-29,Omak-Colville Tribe,"","","",7.0588,""
"","",2022-04-29,Kaukauna,"","","","",5.0E-4
"","",2022-04-29,Redlands - Dearborn,"",0.0421,"","",""
"","",2022-04-29,Westport,0.0073,0.0408,"","",""
"","",2022-04-29,NICHVILL,"",0.0442,"","",""
"","",2022-04-29,Northampton,0.0017,"","",4.888,""
"","",2022-04-29,Lawrenceville,"",0.0294,"",6.4019,""
"","",2022-04-29,Swiftwater,"",0.0488,"","",""
"","",2022-04-29,Lee Vining,"","",17.0,5.665,""
"",0.7,2022-04-29,NR-Georgia Tech,0.0253,"","",14.3427,""
"","",2022-04-29,ROCK_IS,"",0.0281,"",12.2505,""
"",0.2746,2022-04-29,Lakeville - Near Roa,0.0073,"","",9.2143,""
"","",2022-04-29,Morrisania,"","","",2.2358,""
"","",2022-04-29,Candor FRO,"","","",14.408,""
"","",2022-04-29,Allentown,"",0.0423,"",4.748,""
"","",2022-04-29,Adams-Birch,"","",52.3452,13.8376,""
"","",2022-04-29,Oak Harbor-SW 6th (U,"","","",2.3656,""
"","",2022-04-29,Spokane-Greenbluff R,"",0.0326,"","",""
"","",2022-04-29,Azalea,0.0031,0.0443,"",8.5538,""
"","",2022-04-29,Nashua - Gilson Rd.,"",0.0439,"","",""
"","",2022-04-29,Quincy 3rd,"","","",3.3775,""
"","",2022-04-29,West 43rd,"","",74.4904,"",""
"","",2022-04-29,Parlier,0.0041,0.0397,"","",""
"","",2022-04-29,Douglasville,"",0.048,"","",""
"","",2022-04-29,West Mesa,"","",20.816,"",""
"","",2022-04-29,Hermiston - Municipa,"","","",2.6384,""
"","",2022-04-29,Kemmerer Mobile,0.0012,0.0488,17.1692,3.5231,0.0
"","",2022-04-29,Huntington Wildlife,"",0.0442,"","",""
"","",2022-04-29,Green Valley,"",0.0499,22.2039,6.4466,""
"","",2022-04-29,BONDVILLE,"","","",8.1092,""
"","",2022-04-29,CTCLUSI Radar Hill-O,"","","",-2.7317,""
"","",2022-04-29,AIR LAB,"","","",11.5146,""
"","",2022-04-29,Albemarle HS,"",0.0359,"",4.2447,""
"","",2022-04-29,SAVANNAH,"",0.0383,"","",""
"","",2022-04-29,Clermont,"",0.0514,"","",""
"","",2022-04-29,Holiday,"",0.0459,"","",""
"","",2022-04-29,Guiding Hand,"","","","",0.0
"","",2022-04-29,Shady Cove - Shady C,"","","",3.8112,""
"","",2022-04-29,Coastal Carolina,"",0.0361,"","",""
"","",2022-04-29,Whiterocks,5.0E-4,0.053,"","",""
"","",2022-04-29,Jefferson-Laatsch,"",0.0366,"","",""
"","",2022-04-29,North Holywood,0.0096,0.038,"",16.6583,""
"","",2022-04-29,Rossville-Williams S,"","",32.301,18.1291,""
"",0.3413,2022-04-29,Reseda,0.0115,0.0343,"",16.3215,""
"","",2022-04-29,Manteca,"","",21.2824,5.3176,""
"","",2022-04-29,DESPLNS,"",0.033,"",8.7243,""
"","",2022-04-29,HOUSTON,"",0.0378,"",10.1286,""
"","",2022-04-29,Thompson Falls HS,"","",24.767,13.7641,""
"","",2022-04-29,Sycamore,"",0.0392,"",5.2942,""
"","",2022-04-29,Reading Airport,"",0.0472,"",4.5856,""
"","",2022-04-29,Southside,"",0.0332,"","",""
"","",2022-04-29,Roseville - N.Sunris,0.003,0.0527,46.1429,4.4286,""
"","",2022-04-29,Carrizo,"",0.043,"","",""
"","",2022-04-29,Red Bluff - Walnut o,"",0.0498,"",4.0084,""
"","",2022-04-29,Madisonville,"",0.029,"",11.9476,""
"","",2022-04-29,CASTLE H,"",0.0279,12.424,5.32,""
"","",2022-04-29,Cool (Seasonal),"",0.0433,"","",""
"","",2022-04-29,Rumford,"","","",1.2716,""
"","",2022-04-29,Elko,"","",15.5957,"",""
"","",2022-04-29,Bernalillo,"",0.051,"","",""
"","",2022-04-29,RURAL RETREAT,"",0.0369,"","",""
"","",2022-04-29,Moses Lake-Balsam St,"","","",5.4134,""
"","",2022-04-29,Merced-M St,"","",26.8824,7.6588,""
"","",2022-04-29,SMITHLD,"",0.0404,"","",""
"","",2022-04-29,ALBA,"",0.0389,"","",""
"","",2022-04-29,Mono Shore,"","",11.1616,"",""
"","",2022-04-29,Lompoc H Street,"",0.0434,24.704,9.192,""
"","",2022-04-29,YMCA - Marion County,"",0.0483,"",8.6173,""
"","",2022-04-29,Butte Greely School,"","",8.8155,2.6243,""
"","",2022-04-29,York Landfill,"",0.0308,"","",0.0
"","",2022-04-29,Chehalis-Market Blvd,"","","",3.8892,""
"","",2022-04-29,"Pisgah, Forestry Off","",0.037,"","",""
"","",2022-04-29,Mayo Clinic,"",0.0552,"",10.1512,""
"","",2022-04-29,Columbia Falls,"","",13.5243,8.6485,""
"","",2022-04-29,Laconia,"",0.0429,"",3.9753,""
"","",2022-04-29,Erie,"",0.0324,"",5.661,""
"","",2022-04-29,Portland - Sauvie Is,"","","",4.523,""
"","",2022-04-29,JAMES S. LONG PARK,0.0017,0.045,"","",""
"","",2022-04-29,Vancouver-NE 84th Av,"","","",3.0784,""
"","",2022-04-29,Marysville-7th Ave,"","","",6.3333,""
"","",2022-04-29,Corona de Tucson,"","",20.9438,"",""
"","",2022-04-29,Grass Valley,"",0.0521,"",4.12,""
"","",2022-04-29,Red Mountain,"",0.0476,"","",""
"","",2022-04-29,Tranquillity,"",0.0355,"",5.2235,""
"","",2022-04-29,Stratford,"",0.044,"","",""
"","",2022-04-29,GRAYSON,"",0.0349,"",5.3806,""
"","",2022-04-29,Glacier NP,"",0.0296,"","",""
"","",2022-04-29,Paul Meyer,"",0.0572,92.5089,16.0563,""
"","",2022-04-29,Cayce City Hall,"","",32.633,"",""
"","",2022-04-29,Eugene - Wilkes Dr.,"","","",1.7856,""
"","",2022-04-29,Richmond City Near R,"","","",6.266,""
"","",2022-04-29,Brighton Township,"",0.0461,"","",""
"","",2022-04-29,MOUNDSVILLE,"","","",7.1268,""
"","",2022-04-29,EAST HEALTH CENTER,"",0.0205,"","",""
"","",2022-04-29,Butte (Harrison Cour,"","",8.5842,1.5484,""
"","",2022-04-29,Lafayette,"",0.0439,"",13.1921,""
"","",2022-04-29,Las Cruces ED,"","","",6.12,""
"","",2022-04-29,WNVLELSC,"",0.0357,"","",""
"","",2022-04-29,Lima,"",0.0421,"",5.6362,0.001
"","",2022-04-29,Xenia,"",0.0373,"","",""
"","",2022-04-29,Tukwila_Allentown,"","","",2.9412,""
"","",2022-04-29,Sumatra,"",0.0483,"","",""
"","",2022-04-29,Nez Perce Tribe,"",0.0409,"","",""
"",0.0867,2022-04-29,Bondville,"",0.0403,"","",0.001
"","",2022-04-29,Ft McD Yuma Frank-AZ,"","",41.9762,"",""
"","",2022-04-29,Honolulu,"","",12.4778,3.9111,0.0
"","",2022-04-29,Garyville,"",0.0251,"","",""
"","",2022-04-29,MILITARY PARK,0.0145,"","",6.8381,7.0E-4
"","",2022-04-29,Great Falls Overlook,"","","",5.268,""
"",0.2256,2022-04-29,Elizabeth Trailer,0.0115,"","",3.6372,0.0
"","",2022-04-29,Piseco Lake,"",0.0469,"","",""
"","",2022-04-29,Bend - Pump Station,"","","",2.5383,""
"","",2022-04-29,Medford Welch & Jack,"","","",5.3933,""
"","",2022-04-29,Mt Vernon-S 2nd St,"","","",3.6441,""
"","",2022-04-29,Sunriver Three River,"","","",2.7544,""
"","",2022-04-29,North Charleston F.S,"","","",10.1531,""
"","",2022-04-29,"Muscatine, Musser Pa","","","","",8.0E-4
"","",2022-04-29,Hurst Road,"","","",2.77,""
"","",2022-04-29,CROUSE,"",0.0409,"","",""
"","",2022-04-29,Mud Run,"",0.037,"","",""
"","",2022-04-29,Seattle-Duwamish,"","","",4.5392,""
"","",2022-04-29,Florence-Department,"","","",2.4632,""
"","",2022-04-29,Hookstown,"",0.0438,"","",""
"","",2022-04-29,El Centro - 9th Stre,"",0.0542,58.7143,"",""
"","",2022-04-29,Madera-City,"",0.0386,20.0941,7.5882,""
"","",2022-04-29,BELLFNT2,"",0.0443,"","",2.0E-4
"","",2022-04-29,French Town - Beckwi,"","","",6.4621,""
"","",2022-04-29,Fallon,"",0.0416,"","",""
"","",2022-04-29,BRYSON,"",0.0405,"",10.128,""
"","",2022-04-29,Evergreen,"",0.0511,"","",""
"","",2022-04-29,Wash. Crossing,"",0.0501,"","",""
"","",2022-04-29,Alamo Lake,"",0.058,"","",""
"","",2022-04-29,EFFINGHM,"",0.0376,"","",""
"","",2022-04-29,E. Milton - Blue Hil,8.0E-4,0.0444,"","",""
"","",2022-04-29,Ancora State Hosptia,"",0.0432,"","",""
"","",2022-04-29,MARYVILL,"","","",11.0673,""
"","",2022-04-29,San Luis Rio Colorad,"",0.0552,"","",""
"","",2022-04-29,CAPCOG Round Rock Br,"",0.0275,"","",""
"",0.1789,2022-04-29,Fort Collins - CSU -,"",0.0487,"","",""
"","",2022-04-29,Santee Sioux,"",0.0343,"","",""
"","",2022-04-29,Crestline - Lake Gre,"",0.0553,"","",""
"","",2022-04-29,Sonora - Barretta St,"",0.038,"","",""
"","",2022-04-29,San Antonio,"",0.0462,"","",""
"","",2022-04-29,Evans - Riverside Pa,"",0.0309,"","",""
"","",2022-04-29,Capitol,"",0.039,"",14.7738,""
"","",2022-04-29,WARREN,"",0.0318,"","",""
"","",2022-04-29,Fernley,"",0.0393,"","",""
"","",2022-04-29,Congaree Bluff,"",0.0269,"","",""
"","",2022-04-29,Cheney-Turnbull (SO),"",0.0315,6.5326,"",""
"","",2022-04-29,NEWPORT,"",0.0481,"","",""
"","",2022-04-29,Wamsutter,0.0015,0.046,11.3231,"",""
"","",2022-04-29,Placerville,"",0.0452,"","",""
"",0.3707,2022-04-29,I25 Denver,0.0194,"","",9.3416,""
"","",2022-04-29,2LL Los Lunas,"",0.0512,"","",""
"","",2022-04-29,LABP,"",0.0402,"","",""
"","",2022-04-29,Friendship Park,"","","",12.8037,""
"","",2022-04-29,Portland Lincoln Hig,"","","",2.6632,""
"","",2022-04-29,McCall,"","","",4.1359,""
"","",2022-04-29,Cedar Bluff,"",0.0333,"","",9.0E-4
"","",2022-04-29,SHEPVILL,"",0.0416,"","",""
"","",2022-04-29,Billings Coburn Rd,"","","","",0.0
"","",2022-04-29,NMARKET,"",0.0453,"","",""
"","",2022-04-29,WIDEWATER,"",0.0411,"","",""
"","",2022-04-29,Bellingham Pacific,"","","",2.8387,""
"","",2022-04-29,RHINELANDER,"","","","",0.0
"","",2022-04-29,Rome,"","","",14.6463,""
"","",2022-04-29,OWENPRI,"",0.0566,"",8.6824,""
"","",2022-04-29,Watertown,"",0.0255,14.0,10.4,""
"","",2022-04-29,Huntsville Old Airpo,"",0.0379,"",17.6873,""
"","",2022-04-29,Fairgrounds,"",0.0454,"","",""
"","",2022-04-29,Jacobs,"","",10.7383,"",""
"","",2022-04-29,Grand Junction - Pow,"","","",6.3255,""
"","",2022-04-29,Leavenworth-U.S. Pen,"",0.0345,"","",""
"","",2022-04-29,Westlake,"","","",8.7944,""
"","",2022-04-29,KSPORT,"",0.0475,"","",""
"","",2022-04-29,Forest Grove Pacific,"","","",3.62,""
"","",2022-04-29,Bayonne,0.0055,0.0452,"","",0.0
"","",2022-04-29,Floyd Dryden,"","",5.901,3.6525,""
"","",2022-04-29,Ajo,"","",25.7619,"",""
"","",2022-04-29,Sequoia and Kings Ca,"",0.0458,"",6.033,""
"","",2022-04-29,LISLE,"",0.0252,"","",""
"","",2022-04-29,St. Martinville,"",0.0429,"","",""
"","",2022-04-29,HARBOR BEACH,"",0.0378,"","",""
"","",2022-04-29,Porterville-NFS,"",0.0396,"",9.2353,""
"",0.2021,2022-04-29,MUNRO STREET,0.0127,"","","",""
"","",2022-04-29,LSU,"",0.0376,"","",""
"","",2022-04-29,Kennebunkport,"",0.0405,"","",""
"","",2022-04-29,CHICOPEE,7.0E-4,0.0453,"",3.52,""
"","",2022-04-29,YPSILANTI,"",0.0314,"",6.908,""
"",0.2983,2022-04-29,DP4TH,0.0153,"","",7.1587,0.0018
"","",2022-04-29,Kinsman Maintenance,"",0.0328,"","",""
"","",2022-04-29,Rosalia-Josephine St,"","","",3.3567,""
"","",2022-04-29,Tunkhannock,"","","",4.3536,""
"","",2022-04-29,Duncanville Middle S,"",0.0393,"","",""
"","",2022-04-29,FRANKLN,"",0.04,"","",""
"","",2022-04-29,Macon Forestry,"",0.0348,21.0,10.0864,0.001
"","",2022-04-29,United Ave,"",0.0347,"",24.1019,0.001
"","",2022-04-29,Newburgh,"","","",2.0442,""
"","",2022-04-29,Roosvelt,0.0019,"","",5.4845,""
"","",2022-04-29,Alton,"",0.0342,"","",""
"","",2022-04-29,Pennsuco,0.0185,"","","",""
"","",2022-04-29,Carmel Valley AMS,"",0.0346,"",5.5583,""
"","",2022-04-29,Shadyside,0.0085,"","","",0.0
"","",2022-04-29,Delaware,"",0.0401,"","",""
"","",2022-04-29,Bonifay,"",0.0432,"",13.6663,""
"","",2022-04-29,Pahala,"","","",2.2778,0.0027
"","",2022-04-29,CHI_SWFP,"",0.036,"","",""
"","",2022-04-29,Apple Valley,"","","",8.0,""
"","",2022-04-29,Kingery Near-road #1,"","","",8.801,""
"","",2022-04-29,Rosenstiel,0.001,0.044,"","",""
"","",2022-04-29,Carlyss,"",0.0525,"","",""
"","",2022-04-29,Baltimore County Nea,0.0213,"","","",""
"","",2022-04-29,Buffalo,"","",35.7692,11.6462,""
"","",2022-04-29,Mill City,"","","",2.4,""
"","",2022-04-29,Lander SLAMS,"","","",5.1349,""
"","",2022-04-29,Miami Golf Course,"","",34.8375,"",""
"","",2022-04-29,Potato Creek State P,"",0.0388,"","",""
"","",2022-04-29,Dutchtown,"",0.0344,"","",""
"","",2022-04-29,Libby Courthouse,"","",13.8039,9.3196,""
"","",2022-04-29,Cooley,"",0.0431,"","",""
"","",2022-04-29,Viking Lake State Pa,"",0.0369,"",7.6095,""
"","",2022-04-29,Trimble,"",0.0374,"","",""
"","",2022-04-29,Ashland,"",0.0352,"","",""
"","",2022-04-29,DECATUR,"",0.0361,"",11.9432,""
"","",2022-04-29,WOOD_WTP,"",0.0336,"","",""
"","",2022-04-29,Anthony,"","",40.528,7.456,""
"","",2022-04-29,Centerburg WWTP,"",0.0432,"","",""
"","",2022-04-29,Lawton North,"",0.031,14.9153,6.7472,""
"","",2022-04-29,North Spartanburg FS,"",0.0375,"","",""
"","",2022-04-29,Charleroi,"",0.0321,"",10.892,""
"","",2022-04-29,Pinedale,"",0.0468,"","",""
"","",2022-04-29,Miami Fire Station #,"","","",9.5,""
"","",2022-04-29,Piru - Pacific,"",0.0345,"",9.528,""
"","",2022-04-29,Wilmington,"",0.0366,"","",""
"","",2022-04-29,Harvard Yards,"","","","",0.0
"","",2022-04-29,Mayfield,"",0.0366,"","",""
"","",2022-04-29,WEST ALTON,"",0.0357,"","",""
"","",2022-04-29,SLV Middle School AM,"","","",3.5952,""
"","",2022-04-29,Wampanoag Laboratory,"",0.0444,"","",""
"","",2022-04-29,Holbrook,"",0.0445,"",6.038,""
"","",2022-04-29,Kingsport,"","","",8.9712,""
"","",2022-04-29,Tangerine & Camino d,"",0.0397,"","",""
"","",2022-04-29,Dirty Socks,"","",21.3069,"",""
"","",2022-04-29,Stafford,"",0.0428,"","",""
"","",2022-04-29,ROCK_LP,"",0.0281,"","",""
"","",2022-04-29,Minneapolis-Lowry Av,"","",16.119,"",""
"","",2022-04-29,Painesville,"",0.0293,"",5.7631,9.0E-4
"","",2022-04-29,TK Gregg,"","","",15.7349,""
"","",2022-04-29,CORBIN,"",0.0401,"","",""
"","",2022-04-29,La Pine Rural Fire D,"","","",4.8384,""
"","",2022-04-29,Uniontown,"",0.0354,"",7.1056,""
"","",2022-04-29,Twisp-Ewell St,"","","",4.3759,""
"","",2022-04-29,Hollister AMS,"",0.0367,20.3968,5.127,""
"","",2022-04-29,FLINT,"",0.0385,"",6.4675,""
"","",2022-04-29,Ritzville-Alder St,"","","",3.7051,""
"","",2022-04-29,Hood River West Side,"","","",3.3888,""
"","",2022-04-29,Candor,"",0.0519,"","",""
"","",2022-04-29,Queens Near-road,"","","",4.2234,""
"","",2022-04-29,Hershey,"",0.0457,"","",""
"","",2022-04-29,South Scottsdale,"",0.0392,40.9712,"",""
"","",2022-04-29,Joshua Tree NP - Bla,"",0.0606,"","",""
"","",2022-04-29,Mt Hall,"","","",4.04,""
"","",2022-04-29,NorthAdams,"","","",2.3529,""
"","",2022-04-29,HOLLAND,"",0.0377,"",6.5405,""
"","",2022-04-29,16th and Whitmore,"",0.0314,"","",-0.0017
"","",2022-04-29,W OWEN SCH,"","",24.129,10.304,""
"","",2022-04-29,Sebree,"","","","",0.004
"","",2022-04-29,Coyote Ranger Distri,"",0.0493,"","",""
"","",2022-04-29,Bloomfield,0.0039,0.0475,"","",0.0
"","",2022-04-29,LENOIRCOLL,"",0.029,"","",""
"","",2022-04-29,Hillcrest,"",0.0395,"","",""
"","",2022-04-29,San Martin,"",0.0327,"","",""
"","",2022-04-29,Bristol,"",0.0377,"","",""
"","",2022-04-29,Southern Maryland,"",0.0374,"","",""
"","",2022-04-29,Lockhart C1604,"",0.0253,"","",""
"","",2022-04-29,Aberdeen-Division St,"","","",2.5745,""
"","",2022-04-29,Bremerton-Spruce Ave,"","","",4.5686,""
"","",2022-04-29,CHIWAUKEE,"",0.0411,"",7.501,""
"","",2022-04-29,York DW,"",0.0466,"","",""
"","",2022-04-29,Speedwell,"",0.0528,"","",""
"","",2022-04-29,King City AMS,"",0.0371,22.5,6.4683,""
"","",2022-04-29,Kutztown,"",0.0435,"","",""
"","",2022-04-29,Ukiah District Offic,"",0.0325,"","",""
"","",2022-04-29,Greenwich,"",0.0478,"","",""
"","",2022-04-29,Savannahs,"",0.0488,"","",""
"","",2022-04-29,Rahway PM,"","","",4.4737,""
"","",2022-04-29,Chaparral,"",0.0487,33.544,"",""
"","",2022-04-29,Fulton,"",0.041,"","",""
"","",2022-04-29,Enterprise - US Fore,"","","",3.5557,""
"","",2022-04-29,"Muscatine, Greenwood","","","","",1.0E-4
"","",2022-04-29,Blue Grass Trail,"",0.0533,"","",""
"","",2022-04-29,Lompoc HS&P,"",0.0426,"","",""
"","",2022-04-29,Gwinnett Tech,"",0.0354,25.6602,15.2854,""
"","",2022-04-29,SPFD_IB,"",0.0357,"","",""
"","",2022-04-29,Duluth-WDSE,"",0.0408,"",2.9796,""
"","",2022-04-29,East HS,"","","",7.7893,5.0E-4
"","",2022-04-29,ORGILL,"",0.0461,"","",""
"","",2022-04-29,TIDEWATER COMM. COLL,"",0.0397,"","",""
"","",2022-04-29,Lower Price Hill,"","","",7.1107,""
"","",2022-04-29,RG_SOUTH,"",0.0335,"",6.6664,""
"","",2022-04-29,Morro Bay,"",0.0376,"","",""
"","",2022-04-29,7E Deming Airport,"","",32.152,"",""
"","",2022-04-29,Lake Rockwell,"",0.0369,"","",""
"","",2022-04-29,La Grande Hall & N S,"","","",3.1608,""
"","",2022-04-29,Coso Junction,"","",25.2524,"",""
"","",2022-04-29,Canton,"","","",8.2777,""
"","",2022-04-29,Burns - Washington S,"","","",7.0432,""
"","",2022-04-29,North Beach,"","",22.5102,"",""
"","",2022-04-29,Rillito,"","",42.5974,"",""
"","",2022-04-29,Weaverville,"","","",4.8505,""
"","",2022-04-29,Portsmouth,"",0.041,17.4198,4.3667,0.0025
"","",2022-04-29,Laurel Hill,"",0.05,"","",""
"","",2022-04-29,Chula Vista,"",0.0451,"","",""
"","",2022-04-29,BNTCR,"",0.0387,"","",""
"","",2022-04-29,BEACH ROAD,"",0.0293,"","",""
"","",2022-04-29,FAIRHOPE,"",0.0328,"","",""
"","",2022-04-29,Spokane-Monroe St.,"","","",3.9392,""
"","",2022-04-29,Terre Haute-Lafayett,"",0.0385,"","",""
"","",2022-04-29,Shreveport Airport,"",0.0424,"",13.9151,""
"","",2022-04-29,TCSE,"",0.0397,"","",""
"","",2022-04-29,Beaverton - Highland,"","","",3.1776,""
"","",2022-04-29,Aspen Pumphouse,"",0.0524,"","",""
"","",2022-04-29,Inland Port,0.001,0.0471,"",6.7797,""
"",0.1548,2022-04-29,South Phoenix,"",0.0412,39.6731,11.8269,""
"","",2022-04-29,St. Maries,"","","",8.3125,""
"","",2022-04-29,Dixie,"",0.0405,"","",""
"","",2022-04-29,LLCHD BAM,"","","",6.1488,""
"","",2022-04-29,LEGGETT,"",0.0294,"",4.432,""
"","",2022-04-29,Talent - Rapp Lane,"","","",3.4776,""
"","",2022-04-29,Wenatchee-Fifth St,"","","",4.3078,""
"","",2022-04-29,Tacoma-L St,"","","",3.6373,""
"","",2022-04-29,PM2.5 Mammoth Lakes,"","","",8.4951,""
"","",2022-04-29,Spruce Pine,"","","",6.472,""
"","",2022-04-29,Lamstein Lane,"",0.0383,"","",""
"","",2022-04-29,Nursery Rd.,"","","",3.0194,""
"","",2022-04-29,Centennial,"",0.0536,"","",""
"","",2022-04-29,HUNTINGTON,"",0.0378,"","",""
"","",2022-04-29,Atascadero2,0.0012,0.0402,19.4248,5.2743,""
"","",2022-04-29,Batavia,"",0.042,"",8.235,""
"","",2022-04-29,Wellpinit-Spokane Tr,"","","",12.8843,""
"","",2022-04-29,Mojave - CA 58 Busin,"",0.0571,"",5.82,""
"","",2022-04-29,Carlsbad Caverns - B,"",0.0555,"","",""
"","",2022-04-29,MCADORY,"",0.0326,"",14.1514,""
"","",2022-04-29,Colorado Springs - U,"",0.0571,"","",""
"","",2022-04-29,Winkler Pump Station,"","","",7.7356,""
"","",2022-04-29,Frederick Airport,"",0.0346,"","",""
"","",2022-04-29,Tulsa 0175,"","","","",4.0E-4
"","",2022-04-29,Sunny Farms West,"","","","",0.0026
"","",2022-04-29,FAIRFIELD,"",0.0416,"","",""
"","",2022-04-29,Middletown,"",0.0445,"","",""
"","",2022-04-29,Pee Dee,"",0.0351,"","",""
"","",2022-04-29,Turlock - S. Minaret,0.0051,0.0377,23.2941,5.4706,""
"","",2022-04-29,Ramapo,"",0.0451,"","",""
"","",2022-04-29,LAKE DUBAY,"",0.0436,"","",""
"","",2022-04-29,Quaker City,"",0.0516,"","",""
"","",2022-04-29,CHARLESTON,"",0.0399,"","",""
"","",2022-04-29,West Los Angeles - V,0.0129,0.0286,"","",""
"","",2022-04-29,Brainerd,"",0.0343,"",7.1349,""
"","",2022-04-29,GPORT YC,"",0.0318,"",13.0854,""
"","",2022-04-29,MERIDIAN,"",0.0213,"","",""
"","",2022-04-29,Rock Springs SLAMS,"","","",4.1969,""
"","",2022-04-29,Ann Arbor,"",0.0467,"","",""
"","",2022-04-29,Camp Pendleton,"",0.0464,"",12.2968,""
"","",2022-04-29,Idaho Falls PM2.5,"","","",3.3011,""
"","",2022-04-29,TRURO,"",0.0439,"","",""
"","",2022-04-29,La Union,"",0.0397,"","",""
0.163,"",2022-04-29,CCRI Providence,"","","",2.344,""
"","",2022-04-29,Cades Cove - GSMNP,"",0.0407,"","",""
"","",2022-04-29,St. Joseph,"","",22.4513,11.8788,""
"","",2022-04-29,Port Allen,"",0.0344,"","",""
"","",2022-04-29,Cape Elizabeth,"",0.0408,"","",""
"","",2022-04-29,CHERRYGR,"",0.0375,"","",""
"","",2022-04-29,Grand Teton NP - Sci,"",0.0425,"","",""
"","",2022-04-29,Auburn,"",0.0444,"",7.6607,""
"","",2022-04-29,Chalmette Vista,"","","","",0.0057
"",0.1929,2022-04-29,Mission Viejo,"",0.0441,"",18.612,""
"","",2022-04-29,Indpls-Ft. Harrison,"",0.0332,"","",""
"","",2022-04-29,Skyland Drive,"","","","",6.0E-4
"","",2022-04-29,Farrar,"",0.0434,"","",""
"","",2022-04-29,Globeville,0.0278,"","",10.6169,""
"","",2022-04-29,OAK PARK,"",0.0303,"","",""
"","",2022-04-29,Millbrook,"",0.047,"","",""
"","",2022-04-29,Conneaut,"",0.0299,"","",""
"","",2022-04-29,Narragansett,"",0.0458,"",1.232,""
"","",2022-04-29,PARR,"",0.0376,"","",""
"","",2022-04-29,ELDOSPGS,"",0.039,"",5.8487,""
"","",2022-04-29,Falcon Field Fire St,"",0.051,"","",""
"","",2022-04-29,Gridley,"","","",3.8939,""
"","",2022-04-29,ALSIP,"",0.0305,"","",""
"","",2022-04-29,Miami East HS,"",0.037,"","",""
"","",2022-04-29,Skyview,"",0.0497,"","",""
"","",2022-04-29,SYDNEY,"",0.0364,"",9.0779,""
"","",2022-04-29,KAHULUI,"","","",4.9667,""
"","",2022-04-29,West Union,"",0.0367,"","",""
"","",2022-04-29,West Duluth,"","","",2.7143,""
"","",2022-04-29,Kent-James & Central,"","","",4.0588,""
"","",2022-04-29,Pullman-Dexter Ave,"","","",3.0049,""
"","",2022-04-29,Gothic,"",0.0618,"","",""
"","",2022-04-29,BCSP,"",0.0477,"","",""
"","",2022-04-29,White Fish Dead End,"","",30.0291,"",""
"","",2022-04-29,Toll,"",0.0463,17.9903,5.3103,""
"","",2022-04-29,JOANBOLD,"",0.0634,"","",""
"","",2022-04-29,Maple Falls-Azure Wa,"","","",7.4392,""
"","",2022-04-29,Connecticut Hill,"",0.0459,"","",""
"","",2022-04-29,Alabama-Coushatta,"",0.0407,"","",""
"","",2022-04-29,Crockett,"",0.0512,"","",""
"","",2022-04-29,Oildale - 3311 Manor,"",0.0571,23.3077,"",""
"","",2022-04-29,22nd Street & Craycr,"",0.045,"","",""
"","",2022-04-29,Rocky Mountain NP,"",0.0588,"","",""
"","",2022-04-29,DETROIT - E 7 MILE,0.0113,0.0293,"","",""
"","",2022-04-29,Made,"","","","",0.0018
"","",2022-04-29,District 6,"",0.029,"","",""
"","",2022-04-29,Darrington-Fir St,"","","",6.2059,""
"","",2022-04-29,MUSKEGON,"",0.0409,"","",""
"",0.3208,2022-04-29,Forest Park,0.0134,"","",12.646,""
"","",2022-04-29,Potlatch,"","","",2.611,""
"","",2022-04-29,TUPELOAP,"",0.0308,"","",""
"","",2022-04-29,Kalispell Flathead E,"","",27.9286,"",""
"","",2022-04-29,Eastside,"",0.0441,"","",""
"","",2022-04-29,Big Bend  NP,"",0.0448,"","",""
"","",2022-04-29,Apache Junction,"","",35.7961,"",""
"","",2022-04-29,Pinal Air Park,"",0.0417,36.1262,"",""
"","",2022-04-29,Mammoth Lakes,"","",15.8182,"",""
"","",2022-04-29,Waterbury,"","","",5.0821,""
"","",2022-04-29,POMPANO_BEACH,"",0.0406,"",6.8448,""
"","",2022-04-29,Dawsonville,"",0.0432,"","",""
"","",2022-04-29,SAND ISLAND 2 - ANUE,"",0.0303,"",3.4222,""
"","",2022-04-29,Clarksboro,"",0.0456,"","",""
"","",2022-04-29,Bronx - IS52,"",0.0391,10.5577,4.4308,""
"","",2022-04-29,ATHENS,"","","",12.9519,""
"","",2022-04-29,CEDARS,"",0.0446,"","",""
"","",2022-04-29,Sunnyside-S 16th,"","","",7.0275,""
"","",2022-04-29,Brewster,"",0.0305,"","",""
"","",2022-04-29,LIBERTY,"",0.0373,"",6.6133,""
"","",2022-04-29,Pacific,"",0.0312,"","",""
"","",2022-04-29,Sloughhouse,"",0.0346,"",4.7069,""
"","",2022-04-29,Carpinteria,"",0.019,"","",""
"","",2022-04-29,LaPorte-E. Lincolnwa,"",0.036,"","",""
"","",2022-04-29,"Waterloo, Water Towe","","","",9.5333,""
"","",2022-04-29,Carville,"",0.0409,"","",""
"","",2022-04-29,Edgewood,"",0.0346,"",3.8772,""
"","",2022-04-29,Corvallis - Circle B,"","","",2.7624,""
"","",2022-04-29,San Marcos Staples R,"",0.028,"","",""
"","",2022-04-29,Ramblewood Park,"","",23.1589,"",""
"","",2022-04-29,PEORIA_F,"",0.0355,"","",""
"","",2022-04-29,Pride,"",0.033,"","",""
"","",2022-04-29,Perch River,"",0.0419,"","",""
"","",2022-04-29,PERKINSTOWN,"","","",7.96,""
"","",2022-04-29,Tonto National Monum,"",0.0538,"","",""
"","",2022-04-29,Jonesport,"",0.0318,"","",""
"","",2022-04-29,CASSOPOLIS,"",0.041,"","",""
"","",2022-04-29,Wilkes-Barre,"",0.0307,"","",""
"","",2022-04-29,Saul Martinez,"","",66.466,"",""
"","",2022-04-29,Nipomo RP,6.0E-4,0.0452,21.44,"",""
"","",2022-04-29,Moscow,"","","",-0.6019,""
"","",2022-04-29,Uxbridge,"",0.0428,"","",""
"","",2022-04-29,St Theodosius,"","","",10.1748,2.0E-4
"","",2022-04-29,Maple Canyon,"",0.0437,"","",""
"","",2022-04-29,Springfield City Hal,"","","",2.1552,""
"","",2022-04-29,Homestead NHP,"","","",12.8889,""
"","",2022-04-29,Saginaw - Delight Va,"",0.039,"","",""
"","",2022-04-29,Detroit Lake,"","","",1.8216,""
"","",2022-04-29,Petrified Forest NP,"",0.0544,"","",""
"","",2022-04-29,Trona - Athol and Te,"",0.0508,48.7383,"",""
"","",2022-04-29,Stanton,"",0.0288,"","",""
"","",2022-04-29,Queens,"",0.0405,"","",""
"","",2022-04-29,Mt Mitchell,"",0.0591,"","",""
"","",2022-04-29,SPRINGHILL,"",0.0339,"",11.3602,""
"","",2022-04-29,Fresno-Pacific,"","","",8.0941,""
"","",2022-04-29,Great Plains,"",0.0339,"","",""
"","",2022-04-29,Payson Well Site,"","",29.4138,"",""
"","",2022-04-29,Naperville,"","","",9.6709,""
"","",2022-04-29,Strongstown,"",0.0463,"",5.4092,""
"","",2022-04-29,Houston,"",0.0311,"",5.8712,""
"","",2022-04-29,Custer-Loomis (SO-AQ,"",0.0253,"",2.2922,""
"","",2022-04-29,San Juan Bautista AM,"","",18.4841,"",""
"","",2022-04-29,Cocoa Beach,"",0.0554,"","",""
"","",2022-04-29,Davey,"",0.0332,"","",""
"","",2022-04-29,South Reno,"",0.0448,"","",""
"","",2022-04-29,Ukiah Library,"","","",9.1842,""
"","",2022-04-29,Edgar Evins,"",0.053,"","",""
"","",2022-04-29,Flax Pond,"",0.045,"","",""
"","",2022-04-29,Andrew Johnson Elem.,"","","","",0.0036
"","",2022-04-29,Escalante,"",0.0651,"","",""
"","",2022-04-29,COMBS,"","",38.6854,"",""
"","",2022-04-29,Fairhaven2,"",0.0417,"","",""
"","",2022-04-29,Pembroke Exchange St,"","","","",0.003
"","",2022-04-29,Springfield Fire St1,"","","",8.099,""
"","",2022-04-29,Carlisle,"","","",4.8592,""
"","",2022-04-29,Eastman Ross N Robin,"","","","",0.0015
"","",2022-04-29,C GRANDE,"",0.0451,"","",""
"","",2022-04-29,Fairfield,"",0.0346,"","",""
"","",2022-04-29,Burlington,"","","",4.4248,""
"","",2022-04-29,KEWAUNEE,"",0.0466,"","",""
"","",2022-04-29,Dover,"","","",5.7505,""
"","",2022-04-29,WWTP BAM,"","",8.5,"",""
"","",2022-04-29,Summerville,"",0.0281,"","",""
"","",2022-04-29,Amanda Elem,"","","","",0.0026
"","",2022-04-29,Ashland Fire Dept,"","","",3.3688,""
"","",2022-04-29,Rockford,"","","",10.4825,""
"","",2022-04-29,VIENNA,"",0.0406,"","",""
"","",2022-04-29,Kendal,"","","",9.85,""
"","",2022-04-29,"Iowa City, Hoover Sc","","","",11.2695,""
"","",2022-04-29,Billlings Lockwood,"","","",4.2573,""
"","",2022-04-29,Lemmon Valley,"",0.0431,"","",""
"","",2022-04-29,POTAWATOMI,"",0.0451,"",6.4781,0.0
"","",2022-04-29,Popham Beach SP,"",0.0398,"","",""
"","",2022-04-29,Vincennes,"",0.0475,"","",""
"","",2022-04-29,Highland Reservoir -,"",0.0541,"","",""
"","",2022-04-29,ZION,"",0.0386,"","",""
"","",2022-04-29,Fairland,"",0.036,"","",""
"","",2022-04-29,Manhattan/IS143,"","","",3.9923,""
"","",2022-04-29,FRYPAN,"",0.0602,"","",""
"","",2022-04-29,White Springs Plant,"","","","",9.0E-4
"","",2022-04-29,Auburn 29th St,"","","",4.4459,""
"","",2022-04-29,Gillette SLAMS,"","","",5.1723,""
"",0.4228,2022-04-29,Welby - 78th Ave. &,0.0117,0.0454,"","",2.0E-4
"","",2022-04-29,Mesa Verde NP,"",0.055,"","",""
"","",2022-04-29,HICKORY,"","","",9.312,""
"","",2022-04-29,Portland Lane Middle,"","","",3.8416,""
"","",2022-04-29,Laramie SLAMS,"","","",5.7431,""
"","",2022-04-29,Conyers,"",0.0311,"","",""
"","",2022-04-29,SENEY,"",0.045,"",6.2579,""
"","",2022-04-29,Lake Georgetown C690,"",0.0281,"","",""
"","",2022-04-29,Shelton-W Franklin,"","","",5.698,""
"","",2022-04-29,Indian River Lagoon,"",0.051,"","",""
"","",2022-04-29,SHELDAHL,"",0.037,"","",""
"","",2022-04-29,Mayaguez 59,"",0.0155,"",14.7723,""
"","",2022-04-29,Catao 40,"","","",5.3706,""
"","",2022-04-29,Colorado College,"","","",7.517,""
"","",2022-04-29,KNIGHT_P,"",0.0421,"",9.0796,""
"","",2022-04-29,Voyageurs NP,"",0.038,"","",""
"","",2022-04-29,State College,"",0.0418,"",4.7728,""
"","",2022-04-29,Riverside,"","","",19.1224,""
"","",2022-04-29,Moshannon,"",0.039,"","",""
"","",2022-04-29,Arvin - Di Giorgio S,"",0.0525,"","",""
"","",2022-04-29,Redhills/Shandon,"",0.0473,"","",""
"","",2022-04-29,French Settlement,"",0.0332,"",14.9802,""
"","",2022-04-29,Wadsworth-NV,"","",26.1212,"",""
"","",2022-04-29,Incline,"",0.0552,"","",""
"","",2022-04-29,Tioga County,"",0.0435,"",4.7424,""
"","",2022-04-29,Lake Forest Park-Tow,"","","",4.0363,""
"","",2022-04-29,Seattle-South Park,"","","",5.9608,""
"","",2022-04-29,Gresham Centennial H,"","","",3.4424,""
"","",2022-04-29,Mackville,"",0.052,"","",""
"","",2022-04-29,Boulder Reservoir,"",0.0498,"","",""
"","",2022-04-29,Mammoth Cave NP,"",0.0477,"","",""
"","",2022-04-29,Pfizer Lab,"",0.0421,"","",""
"","",2022-04-29,Pinnacle State Park,"",0.0434,"","",""
"","",2022-04-29,Palatka,"","",29.5192,"",""
"","",2022-04-29,Aldino,"",0.0463,"","",""
"","",2022-04-29,Hamilton PS 46,"","","",2.9913,""
"","",2022-04-29,PRYOR,"",0.0382,"","",""
"","",2022-04-29,Portland SE 12th and,"","","",3.8296,""
"","",2022-04-29,Lucerne Valley,"","",29.9439,"",""
"","",2022-04-29,YPT Campbell Ranch,"","",23.3462,"",""
"","",2022-04-29,Glen Oaks,"","",62.4579,"",""
"","",2022-04-29,Madras - Westside Sc,"","","",3.356,""
"","",2022-04-29,DYERSBURG,"","","",12.2222,""
"","",2022-04-29,LEMONT,"",0.0349,"","",""
"","",2022-04-29,NILWOOD,"",0.0309,"","",""
"","",2022-04-29,Boonville,"",0.0459,"","",""
"","",2022-04-29,Detroit Lakes,"",0.0311,"",8.8968,""
"","",2022-04-29,FVIEW,"",0.0575,"","",""
"","",2022-04-29,Port Townsend-San Ju,"","","",3.2402,""
"","",2022-04-29,GRAFTON,"",0.046,"","",""
"","",2022-04-29,Chelsea HP,"","","",3.6901,""
"","",2022-04-29,TRPA Office,"","","",8.2846,""
"","",2022-04-29,Tulalip-Totem Beach,"","","",1.8941,""
"","",2022-04-29,Michigan City-4th St,"",0.0357,"","",""
"","",2022-04-29,Vancouver-Blairmont,"",0.0313,"","",""
"","",2022-04-29,GARDINIER,"","",29.4159,"",""
"","",2022-04-29,Rocky Creek,"",0.0365,"","",""
"","",2022-04-29,Fountain Hills,"",0.0555,"","",""
"","",2022-04-29,Unionville,"",0.0453,"","",""
"","",2022-04-29,Woodstock,"",0.0415,"","",""
"","",2022-04-29,Bullhead City,"","",53.6667,"",""
"","",2022-04-29,COLOMA,"",0.0435,"","",""
"","",2022-04-29,St. Paul-Harding H.S,"","","",9.6087,""
"","",2022-04-29,Colbert-Greenbluff,"","","",6.6206,""
"","",2022-04-29,Toppenish-Yakama Tri,"","","",6.1569,""
"","",2022-04-29,Laurel,"","",37.6535,"",""
"","",2022-04-29,Port Manatee,"","","","",0.0011
"","",2022-04-29,Odiorne State Park,"",0.0405,"","",""
"","",2022-04-29,Sinclair,"","","",8.766,""
"","",2022-04-29,New Garden,"",0.0428,"",5.2608,""
"","",2022-04-29,SUMERDUCK,"",0.0395,"","",""
"","",2022-04-29,Grand Island DOT,"","","",8.1026,""
"","",2022-04-29,HELENA,"",0.0374,"","",""
"","",2022-04-29,John Day Dayton St,"","","",2.4455,""
"","",2022-04-29,Bill Stanley,"","",23.4653,"",""
"","",2022-04-29,Quincy BAM,"","","",4.625,""
"","",2022-04-29,Rifle Ozone,"",0.0513,"","",""
"","",2022-04-29,County Sheriff Impou,"",0.0429,"","",""
"","",2022-04-29,Mannford,"",0.0337,"","",""
"","",2022-04-29,CARTHAGE,"","",18.1416,"",""
"","",2022-04-29,TAIT CUMMINS,"","","","",0.0
"","",2022-04-29,Loudonville,"",0.0433,"","",""
"","",2022-04-29,BUTNER,"",0.0339,"","",""
"","",2022-04-29,A Street,"","","",3.6634,""
"","",2022-04-29,DEER,"",0.0501,"","",""
"","",2022-04-29,"Waverly, Airport","",0.0264,"","",""
"","",2022-04-29,Montevallo,"","","","",2.0E-4
"","",2022-04-29,Queen Valley,"",0.0551,"","",""
"","",2022-04-29,Jerseydale (seasonal,"",0.0505,"","",""
"","",2022-04-29,Palisade Ozone,"",0.0554,"","",""
"","",2022-04-29,Valley Central,"",0.046,"","",""
"","",2022-04-29,Happy Hill,"","","","",0.0028
"","",2022-04-29,Blackwater NWR,"",0.0522,"","",""
"","",2022-04-29,Hoxeyville,"",0.0528,"","",""
"","",2022-04-29,Oxford,"",0.0449,"","",""
"","",2022-04-29,Boulder - CU - 2102,"","","",7.0133,""
"","",2022-04-29,Bend Pine Ridge Elem,"","","",2.7552,""
"","",2022-04-29,Flagstaff Middle Sch,"",0.063,"","",""
"","",2022-04-29,Shoshone Bannock Tri,"","",12.5385,"",""
"","",2022-04-29,Thibodaux,"",0.0323,"",12.6433,""
"","",2022-04-29,Tillamook Forestry D,"","","",2.6208,""
"","",2022-04-29,Deer Creek,"",0.0469,"","",""
"","",2022-04-29,PERCY PRIEST DAM,"",0.032,"","",""
"","",2022-04-29,Lido Park; McKinley,"",0.0422,"","",""
"","",2022-04-29,EVANS,"",0.042,"","",""
"","",2022-04-29,Minneapolis - Bottin,"","",20.5952,"",""
"","",2022-04-29,Olancha,"","",23.8738,"",""
"","",2022-04-29,East Austin C1619,"",0.0283,"","",""
"","",2022-04-29,710 Near Road,0.0253,"","","",""
"","",2022-04-29,Stillwater,"",0.0456,"","",""
"","",2022-04-29,Cave Junction Forest,"","","",3.4024,""
"","",2022-04-29,Lakeview - Center &,"","","",3.704,""
"","",2022-04-29,Salladasburg,"","","",5.5184,""
"","",2022-04-29,Alhambra,"",0.0472,"","",""
"","",2022-04-29,University Meadows,"",0.0372,"","",""
"","",2022-04-29,Winthrop-Chewuch Rd,"","","",4.2724,""
"","",2022-04-29,Garrison Arena,"",0.0303,"","",""
"","",2022-04-29,WHEELING,"",0.0369,"","",""
"","",2022-04-29,Cortez Ozone,"",0.049,"","",""
"","",2022-04-29,BETHANY,"",0.0408,"","",""
"","",2022-04-29,Roosevelt High Schoo,"","","",3.5408,""
"","",2022-04-29,Blue Point Sheriff S,"",0.0504,"","",""
"","",2022-04-29,GADSDEN,"","","",14.2718,""
"","",2022-04-29,Chester BAM,"","","",9.125,""
"","",2022-04-29,St. Paul - Downtown,"","",17.3175,"",""
"","",2022-04-29,Prineville - Davidso,"","","",1.8392,""
"","",2022-04-29,Kennesaw,"",0.0423,"","",""
"","",2022-04-29,Portage-Hwy 12,"","",16.2136,"",""
"","",2022-04-29,Hammond-141st St,"",0.035,"","",""
"","",2022-04-29,South Carroll,"",0.0427,"","",""
"","",2022-04-29,Yellowstone NP,"",0.044,"","",""
"","",2022-04-29,Lizard Tail,"","",23.9592,"",""
"","",2022-04-29,Riviera Beach,"","","","",0.0011
"","",2022-04-29,Jackson - Clinton,"",0.0341,"","",""
"","",2022-04-29,Hope,"",0.037,"","",""
"","",2022-04-29,Holman Rd,"","",29.632,"",""
"","",2022-04-29,London,"",0.0361,"","",""
"","",2022-04-29,Anacortes-Bartholome,"","","",2.4461,""
"","",2022-04-29,Elkhorn,"",0.0333,"","",""
"","",2022-04-29,"Herculaneum, Mott St","","","","",0.0014
"","",2022-04-29,Huron,"","","",6.6824,""
"","",2022-04-29,Madison,"",0.0444,"","",""
"","",2022-04-29,Irmo,"","","",11.6835,""
"","",2022-04-29,Foley West,"",0.0385,"","",""
"","",2022-04-29,St. Philips,"",0.0385,"","",""
"","",2022-04-29,Bethel Smith Farm Ro,"",0.0418,"","",""
"","",2022-04-29,FAB,"","","",5.1,""
"","",2022-04-29,Methodist Hill,"",0.0464,"","",""
"","",2022-04-29,Mill Site,"","",29.9029,"",""
"","",2022-04-29,Fort Mountain,"",0.0607,"","",""
"","",2022-04-29,PG Equestrian Center,"",0.0309,"","",""
"","",2022-04-29,Crawford Woods,"",0.039,"","",""
"","",2022-04-29,Laird Eng Bldg,"","","",7.8175,""
